status,date,mountain,source,cand1,cand2,cand3
none,2026-09-22,17:01:09,2026-09-22 황금동-기장곰장어.gpx,,,
none,2026-09-16,고모산성.오미자터널,2026-09-16 고모산성.오미자터널__20260916_1500.gpx,,,
none,2026-09-16,새재,2026-09-16 새재__20260916_1040.gpx,,,
ambiguous,2026-08-29,연호산,2026-08-29 연호산__20260829_1002.gpx,"[1.5] 2026-09-05 [53] 두리마루 숲길에서, 노년의 지혜 https://cafe.daum.net/woosengzlsamo/FSZF/183","[0.8] 2026-09-10 [산행앨범] 형제산 산책, 한암의 팔순을 축하합니다 https://cafe.daum.net/woosengzlsamo/8I5j/674","[0.4] 2026-09-13 [지리산 둘레길] 속리산둘레길 13구간, 14구간 일부, 견훤의 성에서 가을을 만나다 https://cafe.daum.net/woosengzlsamo/FTSV/24"
ambiguous,2026-08-19,정육가든,2026-08-19 범어공원-정육_20260819.gpx,[1.5] 2026-08-23 [53] 제17회 팔공산 달빛 걷기대회 참가기 https://cafe.daum.net/woosengzlsamo/FSZF/182,[0.8] 2026-08-28 [산행앨범] 저녁 하늘을 바라보며 https://cafe.daum.net/woosengzlsamo/8I5j/673,"[0.4] 2026-09-05 [53] 두리마루 숲길에서, 노년의 지혜 https://cafe.daum.net/woosengzlsamo/FSZF/183"
ambiguous,2026-08-05,옥류동천,2026-08-05 옥류동천__20260805_0953.gpx,"[1.5] 2026-08-09 [속리산둘레길] ◆ 속리산둘레길 12구간, 비치재넘는길 https://cafe.daum.net/woosengzlsamo/FVOW/12","[0.8] 2026-08-14 [산행앨범] 원행 트레킹(양평, 여주) https://cafe.daum.net/woosengzlsamo/8I5j/672",[0.4] 2026-08-23 [53] 제17회 팔공산 달빛 걷기대회 참가기 https://cafe.daum.net/woosengzlsamo/FSZF/182
ambiguous,2026-08-05,표충사 옥류동천,2026-08-05 표충사 옥류동천__20260805_0953.gpx,"[1.5] 2026-08-09 [속리산둘레길] ◆ 속리산둘레길 12구간, 비치재넘는길 https://cafe.daum.net/woosengzlsamo/FVOW/12","[0.8] 2026-08-14 [산행앨범] 원행 트레킹(양평, 여주) https://cafe.daum.net/woosengzlsamo/8I5j/672",[0.4] 2026-08-23 [53] 제17회 팔공산 달빛 걷기대회 참가기 https://cafe.daum.net/woosengzlsamo/FSZF/182
ambiguous,2026-06-04,협곡열차,2026-06-04 협곡열차__20260604_1100.gpx,"[1.5] 2026-06-08 [남파랑길] 남파랑길 46코스, 그날의 노량, 오늘의 걸음 https://cafe.daum.net/woosengzlsamo/FUqQ/31",[0.8] 2026-06-12 [산행앨범] AI가 도대체 인간이 지구에 왜 있어야 하는데? 라고 묻는다면 https://cafe.daum.net/woosengzlsamo/8I5j/668,"[0.8] 2026-06-14 [속리산둘레길] 속리산 둘레길 10구간, 견훤이 제왕의 꿈을 키운 희양산 아래서 https://cafe.daum.net/woosengzlsamo/FVOW/10"
ambiguous,2026-05-25,국망봉,2026-05-25 국망봉__20260525_1107.gpx,"[1.5] 2026-05-29 [산행앨범] 청계사에서, 윤회라는 말이 남긴 혼란 https://cafe.daum.net/woosengzlsamo/8I5j/667","[0.8] 2026-06-08 [남파랑길] 남파랑길 46코스, 그날의 노량, 오늘의 걸음 https://cafe.daum.net/woosengzlsamo/FUqQ/31","[0.8] 2026-06-02 [남파랑길] 남파랑길 43 코스, 척박한 비탈에 돌을 쌓고 흙을 일구어 삶의 터전을 만들어 낸 사람들 https://cafe.daum.net/woosengzlsamo/FUqQ/30"
ambiguous,2026-05-06,간월신불,2026-05-07 간월신불__20260507_0844.gpx,[1.5] 2026-05-10 [속리산둘레길] 속리산 둘레길 9구간 [백두대간 이음길] https://cafe.daum.net/woosengzlsamo/FVOW/9,"[0.8] 2026-05-15 [산행앨범] 5월 1차 산책, 낙동강 역사 너울길 https://cafe.daum.net/woosengzlsamo/8I5j/666","[0.8] 2026-05-16 [53] 생각을담는길, 세종대왕 탄신일은 마땅히 법정 기념일이 되어야 한다. https://cafe.daum.net/woosengzlsamo/FSZF/176"
ambiguous,2026-04-25,생활체육대축전,2026-04-25 생활체육대축전__20260425_1046.gpx,"[1.5] 2026-05-02 [53] 신천둔치 공원 산책, 걸음아 날 살려라. https://cafe.daum.net/woosengzlsamo/FSZF/175","[0.4] 2026-05-15 [산행앨범] 5월 1차 산책, 낙동강 역사 너울길 https://cafe.daum.net/woosengzlsamo/8I5j/666","[0.4] 2026-05-16 [53] 생각을담는길, 세종대왕 탄신일은 마땅히 법정 기념일이 되어야 한다. https://cafe.daum.net/woosengzlsamo/FSZF/176"
ambiguous,2026-04-01,대금산,2026-04-01대금산__20260401_1108.gpx,"[1.5] 2026-04-06 [남파랑길] 남파랑길 39, 40코스 https://cafe.daum.net/woosengzlsamo/FUqQ/27","[0.8] 2026-04-12 [속리산둘레길] 4월 봄빛 따라 걸은 속리산둘레길 8구간, 쌍천과 백두대간의 여유를 품다 https://cafe.daum.net/woosengzlsamo/FVOW/8","[0.4] 2026-04-20 [남파랑길] 남파랑길 41코스, 끝까지 가지 못한 길이 오히려 더 오래 남는다 https://cafe.daum.net/woosengzlsamo/FUqQ/28"
ambiguous,2026-03-21,운문산,2026-03-22 운문산__20260322_0802.gpx,"[1.5] 2026-03-27 [산행앨범] 원곡, 팔순 축하합니다 https://cafe.daum.net/woosengzlsamo/8I5j/664",[1.5] 2026-03-28 [53] 두류산 산책 https://cafe.daum.net/woosengzlsamo/FSZF/174,[0.8] 2026-03-30 [남파랑길] 남파랑길 37코스 일부 38코스 https://cafe.daum.net/woosengzlsamo/FUqQ/26
ambiguous,2026-03-18,대원사치,2026-03-18 대원사지__20260318_1455.gpx,"[0.8] 2026-03-27 [산행앨범] 원곡, 팔순 축하합니다 https://cafe.daum.net/woosengzlsamo/8I5j/664",[0.8] 2026-03-28 [53] 두류산 산책 https://cafe.daum.net/woosengzlsamo/FSZF/174,[0.8] 2026-03-30 [남파랑길] 남파랑길 37코스 일부 38코스 https://cafe.daum.net/woosengzlsamo/FUqQ/26
ambiguous,2026-03-18,악어봉,2026-03-18 악어봉__20260318_1057.gpx,"[0.8] 2026-03-27 [산행앨범] 원곡, 팔순 축하합니다 https://cafe.daum.net/woosengzlsamo/8I5j/664",[0.8] 2026-03-28 [53] 두류산 산책 https://cafe.daum.net/woosengzlsamo/FSZF/174,[0.8] 2026-03-30 [남파랑길] 남파랑길 37코스 일부 38코스 https://cafe.daum.net/woosengzlsamo/FUqQ/26
ambiguous,2026-03-04,달음산,2026-03-04 달음산__20260304_1038.gpx,"[1.5] 2026-03-08 [53] 3월 1차 산책 단상, 지조를 지켜 이름을 남긴 자, 오명을 쓰고도 백성의 길을 닦은 자의 무게 https://cafe.daum.net/woosengzlsamo/FSZF/173","[0.8] 2026-03-13 [산행앨범] 밀양 아리랑 잔도, 밀양강은 말없이 흐르고 https://cafe.daum.net/woosengzlsamo/8I5j/663",[0.8] 2026-03-16 [속리산둘레길] 속리산 둘레길 괴산길 7구간 산막이옛길 https://cafe.daum.net/woosengzlsamo/FVOW/7
ambiguous,2026-01-28,구천 어사길,2026-01-28 구천 어사길__20260128_1104.gpx,"[1.5] 2026-02-02 [남파랑길] 남파랑길 32, 33코스 일부 - 겨울 끝자락, 무이산에서 https://cafe.daum.net/woosengzlsamo/FUqQ/23","[0.4] 2026-02-13 [산행앨범] 2월 1차 산책, 안산, 잠산 ＜참석과 참가, 말의 자리를 생각하다＞ https://cafe.daum.net/woosengzlsamo/8I5j/661","[0.4] 2026-02-15 [속리산둘레길] 속리산둘레길 6구간, 용오름길 https://cafe.daum.net/woosengzlsamo/FVOW/6"
ambiguous,2026-01-24,보성~백림정,2026-01-24 보성~백림정__20260124_1010.gpx,"[0.8] 2026-02-02 [남파랑길] 남파랑길 32, 33코스 일부 - 겨울 끝자락, 무이산에서 https://cafe.daum.net/woosengzlsamo/FUqQ/23","[0.4] 2026-02-13 [산행앨범] 2월 1차 산책, 안산, 잠산 ＜참석과 참가, 말의 자리를 생각하다＞ https://cafe.daum.net/woosengzlsamo/8I5j/661",
ambiguous,2026-01-22,단산정,2026-01-22 단산정__20260122_1000.gpx,"[0.8] 2026-02-02 [남파랑길] 남파랑길 32, 33코스 일부 - 겨울 끝자락, 무이산에서 https://cafe.daum.net/woosengzlsamo/FUqQ/23",,
ambiguous,2026-01-21,천자봉,2026-01-21 천자봉__20260121_1025.gpx,"[0.8] 2026-02-02 [남파랑길] 남파랑길 32, 33코스 일부 - 겨울 끝자락, 무이산에서 https://cafe.daum.net/woosengzlsamo/FUqQ/23",,
ambiguous,2025-12-17,무척산,2025-12-17  무척산__20251217_1006.gpx,"[1.5] 2025-12-22 [남파랑길] 남파랑길 26, 27구간, 소리 없는 아우성 https://cafe.daum.net/woosengzlsamo/FUqQ/20","[0.8] 2025-12-25 [산행앨범] 12월 1차 산책, 인생 여정의 동반자 https://cafe.daum.net/woosengzlsamo/8I5j/660","[0.8] 2025-12-28 [53] 12월 4차 산책, 인간과 야생의 공존 https://cafe.daum.net/woosengzlsamo/FSZF/169"
ambiguous,2025-12-08,화명생태공원,2025-12-09 화명생태공원__20251209_0836.gpx,[1.5] 2025-12-14 [속리산둘레길] 속리산둘레길 4구간 금단산신선길 https://cafe.daum.net/woosengzlsamo/FVOW/4,"[0.8] 2025-12-22 [남파랑길] 남파랑길 26, 27구간, 소리 없는 아우성 https://cafe.daum.net/woosengzlsamo/FUqQ/20","[0.4] 2025-12-25 [산행앨범] 12월 1차 산책, 인생 여정의 동반자 https://cafe.daum.net/woosengzlsamo/8I5j/660"
ambiguous,2025-09-17,제비추리봉,2025-09-17 제비추리봉__20250917_1127.gpx,[1.5] 2025-09-22 [대구둘레길 2차] 대구둘레길 10구간 ― 대곡마비정길 https://cafe.daum.net/woosengzlsamo/FUsg/10,"[1.5] 2025-09-23 [남파랑길] 남파랑길 고성 15, 16구간 https://cafe.daum.net/woosengzlsamo/FUqQ/14","[0.8] 2025-09-28 [대구둘레길 2차] 대구 둘레길 11구간 - 마비정정대길, 비슬산 자락의 아늑한 숲길 https://cafe.daum.net/woosengzlsamo/FUsg/12"
ambiguous,2025-09-14,두류산 83타워,2025-09-14 두류산 83타워__20250914_0942.gpx,"[0.8] 2025-09-28 [대구둘레길 2차] 대구 둘레길 11구간 - 마비정정대길, 비슬산 자락의 아늑한 숲길 https://cafe.daum.net/woosengzlsamo/FUsg/12",[0.8] 2025-09-22 [대구둘레길 2차] 대구둘레길 10구간 ― 대곡마비정길 https://cafe.daum.net/woosengzlsamo/FUsg/10,"[0.8] 2025-09-23 [남파랑길] 남파랑길 고성 15, 16구간 https://cafe.daum.net/woosengzlsamo/FUqQ/14"
ambiguous,2025-08-19,문산,2025-08-20 문산__20250820_0859.gpx,[1.5] 2025-08-24 [남파랑길] 다시 길 위에 서다 https://cafe.daum.net/woosengzlsamo/FUqQ/12,[0.8] 2025-08-29 [산행앨범] 황당한 꿈 이야기 https://cafe.daum.net/woosengzlsamo/8I5j/655,"[0.8] 2025-08-31 [53] 그랬었구나, 내가 그랬었구나 https://cafe.daum.net/woosengzlsamo/FSZF/163"
ambiguous,2025-08-06,서출동류,2025-08-06 서출동류__20250806_1033.gpx,[1.5] 2025-08-10 [지리산 둘레길] 지리산둘레길 완주 기념 노고단 산행 https://cafe.daum.net/woosengzlsamo/FTSV/23,[0.8] 2025-08-15 [산행앨범] 8월 1차 정기 산책 https://cafe.daum.net/woosengzlsamo/8I5j/654,[0.4] 2025-08-24 [남파랑길] 다시 길 위에 서다 https://cafe.daum.net/woosengzlsamo/FUqQ/12
ambiguous,2025-07-16,산막이옛길,2025-07-16 산막이옛길__20250716_1039.gpx,[0.8] 2025-07-25 [산행앨범] 7월 2차 앞산자락길 산책 - 산책길에 놓고 온 위트 https://cafe.daum.net/woosengzlsamo/8I5j/653,,
ambiguous,2025-05-17,곡전재,1.지리산 둘레길/실제/지들 20 오미~난동 _20250517.gpx,[1.5] 2025-05-24 [산행앨범] 우송 장미원에서 https://cafe.daum.net/woosengzlsamo/8I5j/649,"[1.0] 2025-05-17 [대구둘레길 2차] 대구둘레길 5 (무태팔달길) - 산불, 오히려 https://cafe.daum.net/woosengzlsamo/FUsg/5",[0.3] 2025-05-19 [남파랑길] 남파랑길 9코스를 걸으며 https://cafe.daum.net/woosengzlsamo/FUqQ/8
ambiguous,2025-04-26,등산대회,2025전국생활체육대축전등산대회 코스_20250426.gpx,"[0.8] 2025-05-09 [산행앨범] 노인의 품격, 하늘이 내려준 계급장 https://cafe.daum.net/woosengzlsamo/8I5j/648",[0.8] 2025-05-05 [남파랑길] 남파랑길 07-08코스 제덕사거리∼안민고개 https://cafe.daum.net/woosengzlsamo/FUqQ/7,"[0.4] 2025-05-17 [대구둘레길 2차] 대구둘레길 5 (무태팔달길) - 산불, 오히려 https://cafe.daum.net/woosengzlsamo/FUsg/5"
ambiguous,2024-12-04,도원지순환로,2024-12-04 도원지순환로__20241204_1425.gpx,"[0.8] 2024-12-13 [산행앨범] 한겨울, 달비고개를 넘으며 https://cafe.daum.net/woosengzlsamo/8I5j/639",[0.8] 2024-12-16 [해파랑길] 해파랑길 19코스 ＜강구항∼화진해수욕장＞ https://cafe.daum.net/woosengzlsamo/FSdR/46,[0.8] 2024-12-16 [지리산 둘레길] 지리산둘레길 13코스 (서당마을∼하동읍) https://cafe.daum.net/woosengzlsamo/FTSV/15
ambiguous,2024-11-23,팔공순환로,2024-11-23 팔공순환로__20241123_1000.gpx,[1.5] 2024-11-30 [산행앨범] 2024 11월 2차 정기 산책 ＜비토섬＞ https://cafe.daum.net/woosengzlsamo/8I5j/638,[0.8] 2024-12-02 [53] 2024년 11월 4차 정기산책 ＜앞산자락길＞ https://cafe.daum.net/woosengzlsamo/FSZF/149,[0.8] 2024-12-02 [해파랑길] 해파랑길 20코스 (해맞이공원∼강구항) https://cafe.daum.net/woosengzlsamo/FSdR/45
ambiguous,2024-11-16,연암. 대불. 여원,2024-11-16 연암. 대불. 여원__20241116_1053.gpx,[0.8] 2024-11-30 [산행앨범] 2024 11월 2차 정기 산책 ＜비토섬＞ https://cafe.daum.net/woosengzlsamo/8I5j/638,[0.4] 2024-12-02 [53] 2024년 11월 4차 정기산책 ＜앞산자락길＞ https://cafe.daum.net/woosengzlsamo/FSZF/149,[0.4] 2024-12-02 [해파랑길] 해파랑길 20코스 (해맞이공원∼강구항) https://cafe.daum.net/woosengzlsamo/FSdR/45
ambiguous,2024-11-14,대불공원,2024-11-14 대불공원__20241114_1000.gpx,[0.4] 2024-11-30 [산행앨범] 2024 11월 2차 정기 산책 ＜비토섬＞ https://cafe.daum.net/woosengzlsamo/8I5j/638,[0.4] 2024-12-02 [53] 2024년 11월 4차 정기산책 ＜앞산자락길＞ https://cafe.daum.net/woosengzlsamo/FSZF/149,[0.4] 2024-12-02 [해파랑길] 해파랑길 20코스 (해맞이공원∼강구항) https://cafe.daum.net/woosengzlsamo/FSdR/45
ambiguous,2024-10-31,범어~산장,2024-10-31 범어~산장__20241031_1056.gpx,[1.5] 2024-11-04 [해파랑길] 해파랑길 22코스 (대진∼축산) https://cafe.daum.net/woosengzlsamo/FSdR/44,[0.8] 2024-11-10 [지리산 둘레길] 지리산둘레길 14코스 (대축∼원부춘) https://cafe.daum.net/woosengzlsamo/FTSV/14,
ambiguous,2024-10-26,대불공원,2024-10-26 대불공원__20241026_1007.gpx,[0.8] 2024-11-04 [해파랑길] 해파랑길 22코스 (대진∼축산) https://cafe.daum.net/woosengzlsamo/FSdR/44,[0.4] 2024-11-10 [지리산 둘레길] 지리산둘레길 14코스 (대축∼원부춘) https://cafe.daum.net/woosengzlsamo/FTSV/14,
ambiguous,2024-10-23,대둘 3/18 만인산,대전둘레길/대둘_3-18_만인산.gpx,[0.8] 2024-11-04 [해파랑길] 해파랑길 22코스 (대진∼축산) https://cafe.daum.net/woosengzlsamo/FSdR/44,[0.4] 2024-11-10 [지리산 둘레길] 지리산둘레길 14코스 (대축∼원부춘) https://cafe.daum.net/woosengzlsamo/FTSV/14,
ambiguous,2024-06-13,10:21:27,2024-06-13 자락길 102127.gpx,[1.5] 2024-06-17 [53] 유월의 초록 하이킹 https://cafe.daum.net/woosengzlsamo/FSZF/137,[1.5] 2024-06-17 [해파랑길] 해파랑길 30 https://cafe.daum.net/woosengzlsamo/FSdR/36,[0.4] 2024-06-30 [산행앨범] 단산 https://cafe.daum.net/woosengzlsamo/8I5j/633
ambiguous,2024-06-11,범어공원,2024-06-11 범어공원__20240611_1445.gpx,[1.5] 2024-06-17 [53] 유월의 초록 하이킹 https://cafe.daum.net/woosengzlsamo/FSZF/137,[1.5] 2024-06-17 [해파랑길] 해파랑길 30 https://cafe.daum.net/woosengzlsamo/FSdR/36,[0.4] 2024-06-30 [산행앨범] 단산 https://cafe.daum.net/woosengzlsamo/8I5j/633
ambiguous,2024-02-06,비토섬,2024-02-06 비토섬__20240206_1035.gpx,[0.8] 2024-02-19 [해파랑길] 해파랑길 15 https://cafe.daum.net/woosengzlsamo/FSdR/28,"[0.4] 2024-02-25 [53] 이기대, 태종대, 송정해변 산책 https://cafe.daum.net/woosengzlsamo/FSZF/124",
ambiguous,2024-02-01,대둘12,2024-02-02 대둘12__20240202_0837.gpx,[1.5] 2024-02-05 [53] 2월 1차 정기 산책 https://cafe.daum.net/woosengzlsamo/FSZF/123,[1.5] 2024-02-05 [해파랑길] 해파랑길 14 https://cafe.daum.net/woosengzlsamo/FSdR/27,[0.4] 2024-02-19 [해파랑길] 해파랑길 15 https://cafe.daum.net/woosengzlsamo/FSdR/28
ambiguous,2024-02-01,청산,2024-02-02 청산__20240202_0837.gpx,[1.5] 2024-02-05 [53] 2월 1차 정기 산책 https://cafe.daum.net/woosengzlsamo/FSZF/123,[1.5] 2024-02-05 [해파랑길] 해파랑길 14 https://cafe.daum.net/woosengzlsamo/FSdR/27,[0.4] 2024-02-19 [해파랑길] 해파랑길 15 https://cafe.daum.net/woosengzlsamo/FSdR/28
ambiguous,2024-01-17,09:43:10,2024-01-17 094310__20240117_0943.gpx,[1.5] 2024-01-22 [해파랑길] 해파랑길 13 https://cafe.daum.net/woosengzlsamo/FSdR/26,[0.8] 2024-01-26 [산행앨범] 우생즐사모 수목원 한바쿠 동영상 https://cafe.daum.net/woosengzlsamo/8I5j/630,[0.8] 2024-01-30 [53] 마천산 https://cafe.daum.net/woosengzlsamo/FSZF/122
ambiguous,2023-11-23,진밭골,2023-11-23 진밭골__20231123_1038.gpx,[1.5] 2023-11-27 [53] 걸어야만 직성이 풀리는 친구들 https://cafe.daum.net/woosengzlsamo/FSZF/116,[0.8] 2023-12-04 [53] 서거정 구로정에서 https://cafe.daum.net/woosengzlsamo/FSZF/117,[0.8] 2023-12-04 [해파랑길] 해파랑길 38 https://cafe.daum.net/woosengzlsamo/FSdR/23
ambiguous,2023-10-26,장기공원,2023-10-26 장기공원__20231026_1006.gpx,[1.5] 2023-10-30 [53] 단풍 한 잎의 의미 https://cafe.daum.net/woosengzlsamo/FSZF/112,[0.8] 2023-11-06 [53] 계절은 어느덧 https://cafe.daum.net/woosengzlsamo/FSZF/113,[0.8] 2023-11-06 [해파랑길] 해파랑길 40 https://cafe.daum.net/woosengzlsamo/FSdR/21
ambiguous,2023-10-01,대둘 13구간(18구간중),대전둘레길/대둘_13구간(18구간중) (1).gpx,[0.8] 2023-10-13 [산행앨범] 팔공산 국립공원 지정 기념 비로봉 탐방 https://cafe.daum.net/woosengzlsamo/8I5j/626,[0.8] 2023-10-10 [53] 두리마루숲길 가을맞이 산책 https://cafe.daum.net/woosengzlsamo/FSZF/109,[0.4] 2023-10-16 [53] 코스모스 한들한들 https://cafe.daum.net/woosengzlsamo/FSZF/110
ambiguous,2023-08-26,10:26:12,2023-08-26 장기공원.gpx,"[1.5] 2023-08-31 [53] 장기공원 공동묘지산, 당산 https://cafe.daum.net/woosengzlsamo/FSZF/104",[0.8] 2023-09-04 [53] 학산공원 학산 - 코스모스의 계절 9월입니다. https://cafe.daum.net/woosengzlsamo/FSZF/105,[0.8] 2023-09-04 [해파랑길] 해파랑길 43 https://cafe.daum.net/woosengzlsamo/FSdR/18
ambiguous,2023-08-12,구미역,2023-08-12 구미역__20230812_1447.gpx,[0.8] 2023-08-21 [해파랑길] 해파랑길 변형 44 https://cafe.daum.net/woosengzlsamo/FSdR/17,"[0.4] 2023-08-31 [53] 장기공원 공동묘지산, 당산 https://cafe.daum.net/woosengzlsamo/FSZF/104",
ambiguous,2023-07-25,대둘 7~18구간,대전둘레길/대둘_7~18구간.gpx,[1.5] 2023-07-30 [53] 팔공산 한봉 https://cafe.daum.net/woosengzlsamo/FSZF/102,"[0.8] 2023-08-07 [53] 8월 염천의 봉혈산, 화담산 등반 https://cafe.daum.net/woosengzlsamo/FSZF/103",
ambiguous,2023-07-08,폭포골,2023-07-08 폭포골_20230708.gpx,[0.8] 2023-07-17 [해파랑길] 해파랑길 45 https://cafe.daum.net/woosengzlsamo/FSdR/16,,
ambiguous,2023-07-08,폭포골,2023-07-08 폭포골__20230708_1043.gpx,[0.8] 2023-07-17 [해파랑길] 해파랑길 45 https://cafe.daum.net/woosengzlsamo/FSdR/16,,
ambiguous,2023-06-10,초례봉,2023-06-10 초례봉__20230610_0921.gpx,[0.8] 2023-06-23 [산행앨범] 우생즐사모 6월 앞산 - 안지랑 동영상 https://cafe.daum.net/woosengzlsamo/8I5j/625,[0.8] 2023-06-19 [53] 앞산 일원 https://cafe.daum.net/woosengzlsamo/FSZF/99,[0.8] 2023-06-19 [해파랑길] 해파랑길 47 https://cafe.daum.net/woosengzlsamo/FSdR/14
ambiguous,2023-05-02,비로봉,2023-05-02 비로봉__20230502_0925.gpx,[1.5] 2023-05-08 [해파랑길] 해파랑길 50 https://cafe.daum.net/woosengzlsamo/FSdR/11,[0.8] 2023-05-14 [53] 왕산 https://cafe.daum.net/woosengzlsamo/FSZF/96,[0.4] 2023-05-22 [53] 여름맞이 앞산자락길 트레킹 https://cafe.daum.net/woosengzlsamo/FSZF/97
ambiguous,2022-09-20,20220920 Jyrgalan valley,20220920 Jyrgalan valley__20220920_1330.gpx,[1.5] 2022-09-27 [53] 키르기스스탄 트레킹 https://cafe.daum.net/woosengzlsamo/FSZF/63,[0.8] 2022-10-03 [53] 달성보녹색길 변형 2구간 (송해공원-갈실-달성보 ) https://cafe.daum.net/woosengzlsamo/FSZF/64,[0.4] 2022-10-10 [53] 파란 하늘 아래 https://cafe.daum.net/woosengzlsamo/FSZF/65
ambiguous,2022-09-19,20220919 altynarasan valley,20220919 altynarasan valley__20220925_1458.gpx,[0.8] 2022-10-03 [53] 달성보녹색길 변형 2구간 (송해공원-갈실-달성보 ) https://cafe.daum.net/woosengzlsamo/FSZF/64,[0.8] 2022-09-27 [53] 키르기스스탄 트레킹 https://cafe.daum.net/woosengzlsamo/FSZF/63,[0.4] 2022-10-10 [53] 파란 하늘 아래 https://cafe.daum.net/woosengzlsamo/FSZF/65
ambiguous,2022-09-16,Razeka station,2022-09-16 Razeka station__20220916_1430.gpx,[0.8] 2022-09-27 [53] 키르기스스탄 트레킹 https://cafe.daum.net/woosengzlsamo/FSZF/63,[0.4] 2022-10-03 [53] 달성보녹색길 변형 2구간 (송해공원-갈실-달성보 ) https://cafe.daum.net/woosengzlsamo/FSZF/64,
ambiguous,2022-08-26,대간 46차 (웅석지맥2),5백두대간/백두 46차 (웅석지맥2)__20220826_0944.gpx,[8.0] 2010-06-13 [산행앨범] 백두대간 청화산 (상주) - 2 https://cafe.daum.net/woosengzlsamo/8I5j/87,"[8.0] 2013-03-10 [종주기-백두대간] 백두대간 종주기 (56, 땜2) 도래기재 선달산 생달리 구간 https://cafe.daum.net/woosengzlsamo/FPOx/59",[8.0] 2012-04-10 [종주기-백두대간] 백두대간 종주기 (46) 화림사 도톨봉 밤머리재 구간 https://cafe.daum.net/woosengzlsamo/FPOx/49
ambiguous,2022-08-25,백두 05차 (성삼재-음정리),5백두대간/백두 04차 (성삼재-음정리)__20220825_1201.gpx,"[8.0] 2013-09-08 [종주기-백두대간] 백두대간 종주기 (59, 땜5) 고기리 고남산 매요리 구간 https://cafe.daum.net/woosengzlsamo/FPOx/62",[8.0] 2010-07-05 [종주기-백두대간] 백두대간 종주기 (05) 무령고개 - 영취산 - 중재 구간 https://cafe.daum.net/woosengzlsamo/FPOx/7,[5.0] 2012-01-20 [지도 자료실] 백두대간 종주지도집 5/24구간 ＜소사고개-질매재＞ https://cafe.daum.net/woosengzlsamo/AKLc/60
ambiguous,2022-08-23,낙동 27차 (맹동산),1낙동정맥/실제/낙동 27차 (맹동산)__20220823_1453.gpx,[10.0] 2014-09-22 [종주기-낙동정맥] 낙동정맥 종주기 ＜27＞ 창수령-맹동산-박점고개 구간 https://cafe.daum.net/woosengzlsamo/FPOz/27,[10.0] 2014-12-01 [낙동정맥-완주] 낙동정맥 27차27구간(백양산) 산행② https://cafe.daum.net/woosengzlsamo/FPOy/138,[10.0] 2014-12-01 [낙동정맥-완주] 낙동정맥 27차27구간(백양산) 산행① https://cafe.daum.net/woosengzlsamo/FPOy/137
ambiguous,2022-08-20,10:17:20,2022-08-20 수목원-기내미재.gpx,[0.8] 2022-08-28 [53] 대한민국 요산조사 (함박산) https://cafe.daum.net/woosengzlsamo/FSZF/62,,
ambiguous,2022-08-20,달성보녹색길 1,달성보녹색길/달성보녹색길 1__20220820_1017.gpx,[0.8] 2022-08-28 [53] 대한민국 요산조사 (함박산) https://cafe.daum.net/woosengzlsamo/FSZF/62,,
ambiguous,2022-08-01,한북 1차,4한북정맥/전구간/한북 1차_20220801_1526.gpx,[8.0] 2021-07-02 [종주기-한북정맥] 한북정맥 종주기 (01) 수피령~복주산~광덕고개 https://cafe.daum.net/woosengzlsamo/FPPA/3,[8.0] 2021-10-05 [한북정맥-완주] 한북정맥 (6차 - 마직막 1) 장명산 https://cafe.daum.net/woosengzlsamo/F9Uy/20,"[8.0] 2021-09-27 [한북정맥-완주] 한북정맥 5차 1 (사패능선, 포대능선, 상장능선) 이모저모 https://cafe.daum.net/woosengzlsamo/F9Uy/16"
ambiguous,2022-08-01,한북 2차,4한북정맥/전구간/한북 2차_20220801_1707.gpx,[8.0] 2021-07-21 [종주기-한북정맥] 한북정맥 종주기 (02) 광덕고개~백운산~국망봉~청계산~노채고개 https://cafe.daum.net/woosengzlsamo/FPPA/4,[8.0] 2021-10-05 [한북정맥-완주] 한북정맥 (6차 - 마직막 2) 장명산 https://cafe.daum.net/woosengzlsamo/F9Uy/21,"[8.0] 2021-09-27 [한북정맥-완주] 한북정맥 5차 2 (사패능선, 포대능선, 상장능선) 이모저모 https://cafe.daum.net/woosengzlsamo/F9Uy/17"
ambiguous,2022-06-09,용두토성,2022-06-09 용두토성__20220609_1018.gpx,"[0.8] 2022-06-19 [53] 대한민국 요산조산 (앞산, 대덕산) https://cafe.daum.net/woosengzlsamo/FSZF/53",[0.4] 2022-06-26 [53] 테크노폴리스 우마이에서 푸실거랑 건너 가재거랑 거슬러 오르며 https://cafe.daum.net/woosengzlsamo/FSZF/54,
ambiguous,2022-04-16,장산,2022-04-16 장산_20220416.gpx,[1.5] 2022-04-21 [53] 우리나라 좋은 나라(2) https://cafe.daum.net/woosengzlsamo/FSZF/46,[1.5] 2022-04-21 [53] 우리나라 좋은 나라(1) https://cafe.daum.net/woosengzlsamo/FSZF/45,"[0.4] 2022-05-01 [53] 대한민국 요산 조산 (대방산, 금계산) https://cafe.daum.net/woosengzlsamo/FSZF/47"
ambiguous,2022-04-15,엄나무,2022-04-15 엄나무__20220415_1002.gpx,[1.5] 2022-04-21 [53] 우리나라 좋은 나라(2) https://cafe.daum.net/woosengzlsamo/FSZF/46,[1.5] 2022-04-21 [53] 우리나라 좋은 나라(1) https://cafe.daum.net/woosengzlsamo/FSZF/45,"[0.4] 2022-05-01 [53] 대한민국 요산 조산 (대방산, 금계산) https://cafe.daum.net/woosengzlsamo/FSZF/47"
ambiguous,2022-04-11,종로구 북악산남측코스,종로구 북악산남측코스__20220411_1038.gpx,[0.8] 2022-04-21 [53] 우리나라 좋은 나라(2) https://cafe.daum.net/woosengzlsamo/FSZF/46,[0.8] 2022-04-21 [53] 우리나라 좋은 나라(1) https://cafe.daum.net/woosengzlsamo/FSZF/45,"[0.4] 2022-05-01 [53] 대한민국 요산 조산 (대방산, 금계산) https://cafe.daum.net/woosengzlsamo/FSZF/47"
ambiguous,2022-04-09,용각산 새트렉,2022-04-09 용각산 새트렉__20220409_1043.gpx,[0.8] 2022-04-21 [53] 우리나라 좋은 나라(2) https://cafe.daum.net/woosengzlsamo/FSZF/46,[0.8] 2022-04-21 [53] 우리나라 좋은 나라(1) https://cafe.daum.net/woosengzlsamo/FSZF/45,
ambiguous,2022-04-09,용각산,2022-04-09 용각산__20220409_1043.gpx,[0.8] 2022-04-21 [53] 우리나라 좋은 나라(2) https://cafe.daum.net/woosengzlsamo/FSZF/46,[0.8] 2022-04-21 [53] 우리나라 좋은 나라(1) https://cafe.daum.net/woosengzlsamo/FSZF/45,
ambiguous,2022-04-08,형산신규,2022-04-08 형산신규_20220408.gpx,[0.8] 2022-04-21 [53] 우리나라 좋은 나라(2) https://cafe.daum.net/woosengzlsamo/FSZF/46,[0.8] 2022-04-21 [53] 우리나라 좋은 나라(1) https://cafe.daum.net/woosengzlsamo/FSZF/45,
none,2022-03-25,미숭산,2022-03-26 미숭산__20220326_0826.gpx,,,
none,2022-03-16,공산.응봉,2022-03-16 공산.응봉__20220316_1007.gpx,,,
none,2022-03-12,09:50:57,2022-03-12 베틀산.gpx,,,
none,2022-03-12,베틀산,2022-03-12 베틀산__20220312_0950.gpx,,,
none,2022-03-10,11:11:47,2022-03-10 대둘 11구간.gpx,,,
ambiguous,2022-02-24,도원지둘레길,2022-02-24 도원지둘레길__20220224_1047.gpx,[1.5] 2022-02-28 [53] 늑절미(늙젊이)들 늦바람 났어요. https://cafe.daum.net/woosengzlsamo/FSZF/26,[0.8] 2022-03-06 [53] 몸이 굳어지면 마음마저 굳어진다기에 https://cafe.daum.net/woosengzlsamo/FSZF/27,
ambiguous,2022-01-29,10:31:36,2022-01-29 도각봉.gpx,"[1.5] 2022-02-04 [53] 대한민국 요산조산 (세갈래봉, 도각봉, 해일봉) https://cafe.daum.net/woosengzlsamo/FSZF/22",[0.8] 2022-02-06 [53] 입춘 지난 산길에 https://cafe.daum.net/woosengzlsamo/FSZF/23,[0.4] 2022-02-14 [53] 겁 없는 늑절미(늙젊이)들 https://cafe.daum.net/woosengzlsamo/FSZF/24
ambiguous,2022-01-29,현풍 구쌍산 초곡산성  초곡리원점,2022-01-29 현풍 구쌍산 초곡산성.gpx,"[1.5] 2022-02-04 [53] 대한민국 요산조산 (세갈래봉, 도각봉, 해일봉) https://cafe.daum.net/woosengzlsamo/FSZF/22",[0.8] 2022-02-06 [53] 입춘 지난 산길에 https://cafe.daum.net/woosengzlsamo/FSZF/23,[0.4] 2022-02-14 [53] 겁 없는 늑절미(늙젊이)들 https://cafe.daum.net/woosengzlsamo/FSZF/24
ambiguous,2022-01-27,무학산,2022-01-27 무학산__20220127_1017.gpx,[0.8] 2022-02-06 [53] 입춘 지난 산길에 https://cafe.daum.net/woosengzlsamo/FSZF/23,"[0.8] 2022-02-04 [53] 대한민국 요산조산 (세갈래봉, 도각봉, 해일봉) https://cafe.daum.net/woosengzlsamo/FSZF/22",[0.4] 2022-02-14 [53] 겁 없는 늑절미(늙젊이)들 https://cafe.daum.net/woosengzlsamo/FSZF/24
ambiguous,2022-01-13,범어산,2022-01-13 범어산.gpx,[1.5] 2022-01-17 [53] 대한민국 요산조산 ＜금정산＞ https://cafe.daum.net/woosengzlsamo/FSZF/20,[0.8] 2022-01-23 [53] 대한민국 요산조산 ＜물불산＞ https://cafe.daum.net/woosengzlsamo/FSZF/21,
ambiguous,2021-12-23,용지-박물관,2021-12-23 용지-박물관__20211223_1009.gpx,[1.5] 2021-12-30 [팔공산 둘레길] ​팔공산둘레길 5구간 이모저모 https://cafe.daum.net/woosengzlsamo/FOP7/22,[0.8] 2022-01-06 [53] 대한민국 요산조산 ＜하양읍 장군산＞ https://cafe.daum.net/woosengzlsamo/FSZF/19,[0.4] 2022-01-12 [팔공산 둘레길] ​팔공산둘레길 6구간 이모저모 https://cafe.daum.net/woosengzlsamo/FOP7/23
ambiguous,2021-12-03,대구9산환종주,2021-12-04 대구9산환종주__20211204_0508.gpx,"[1.5] 2021-12-09 [팔공산 둘레길] 팔공산둘레길 2, 3, 4 구간 이모저모 https://cafe.daum.net/woosengzlsamo/FOP7/21",[0.4] 2021-12-20 [53] 겨울 제주 이야기 3. 윗세오름 https://cafe.daum.net/woosengzlsamo/FSZF/18,"[0.4] 2021-12-20 [53] 겨울 제주 이야기 2. 주상절리, 마라도, 송악산 https://cafe.daum.net/woosengzlsamo/FSZF/17"
ambiguous,2021-11-20,13:55:05,2021-11-20 무학산.gpx,[1.5] 2021-11-25 [산행앨범] 2021.11.25 ＜담티 - 형봉 - 동촌역 - 아양교＞ https://cafe.daum.net/woosengzlsamo/8I5j/605,[0.8] 2021-12-02 [팔공산 둘레길] 팔공산둘레길 제1구간 이모저모 https://cafe.daum.net/woosengzlsamo/FOP7/20,"[0.4] 2021-12-09 [팔공산 둘레길] 팔공산둘레길 2, 3, 4 구간 이모저모 https://cafe.daum.net/woosengzlsamo/FOP7/21"
ambiguous,2021-11-17,10:09:19,2021-11-17 담티역~아양교역.gpx,[0.8] 2021-11-25 [산행앨범] 2021.11.25 ＜담티 - 형봉 - 동촌역 - 아양교＞ https://cafe.daum.net/woosengzlsamo/8I5j/605,[0.4] 2021-12-02 [팔공산 둘레길] 팔공산둘레길 제1구간 이모저모 https://cafe.daum.net/woosengzlsamo/FOP7/20,
ambiguous,2021-09-18,11:25:35,2021-09-18 112535__20210918_1125.gpx,[0.8] 2021-09-27 [종주기-한북정맥] 한북정맥 종주기 (05) 울대고개~도봉산~솔고개 https://cafe.daum.net/woosengzlsamo/FPPA/7,"[0.8] 2021-09-27 [한북정맥-완주] 한북정맥 5차 4 (사패능선, 포대능선, 상장능선) 이모저모 https://cafe.daum.net/woosengzlsamo/F9Uy/19","[0.8] 2021-09-27 [한북정맥-완주] 한북정맥 5차 3(사패능선, 포대능선, 상장능선) 이모저모 https://cafe.daum.net/woosengzlsamo/F9Uy/18"
ambiguous,2021-09-15,계룡산 순환산책로,2021-09-15 계룡산 순환산책로__20210915_1739.gpx,[0.8] 2021-09-27 [종주기-한북정맥] 한북정맥 종주기 (05) 울대고개~도봉산~솔고개 https://cafe.daum.net/woosengzlsamo/FPPA/7,"[0.8] 2021-09-27 [한북정맥-완주] 한북정맥 5차 4 (사패능선, 포대능선, 상장능선) 이모저모 https://cafe.daum.net/woosengzlsamo/F9Uy/19","[0.8] 2021-09-27 [한북정맥-완주] 한북정맥 5차 3(사패능선, 포대능선, 상장능선) 이모저모 https://cafe.daum.net/woosengzlsamo/F9Uy/18"
ambiguous,2021-09-15,17:39:47,2021-09-15 계룡산.gpx,[0.8] 2021-09-27 [종주기-한북정맥] 한북정맥 종주기 (05) 울대고개~도봉산~솔고개 https://cafe.daum.net/woosengzlsamo/FPPA/7,"[0.8] 2021-09-27 [한북정맥-완주] 한북정맥 5차 4 (사패능선, 포대능선, 상장능선) 이모저모 https://cafe.daum.net/woosengzlsamo/F9Uy/19","[0.8] 2021-09-27 [한북정맥-완주] 한북정맥 5차 3(사패능선, 포대능선, 상장능선) 이모저모 https://cafe.daum.net/woosengzlsamo/F9Uy/18"
ambiguous,2021-09-13,11:26:28,2021-09-13 고헌산.gpx,[0.8] 2021-09-27 [종주기-한북정맥] 한북정맥 종주기 (05) 울대고개~도봉산~솔고개 https://cafe.daum.net/woosengzlsamo/FPPA/7,"[0.8] 2021-09-27 [한북정맥-완주] 한북정맥 5차 4 (사패능선, 포대능선, 상장능선) 이모저모 https://cafe.daum.net/woosengzlsamo/F9Uy/19","[0.8] 2021-09-27 [한북정맥-완주] 한북정맥 5차 3(사패능선, 포대능선, 상장능선) 이모저모 https://cafe.daum.net/woosengzlsamo/F9Uy/18"
ambiguous,2021-09-11,"01:25:41
용대리 백담사 용아장성",2021-09-12 012541용대리 백담사 용아장성__20210912_0125.gpx,[0.4] 2021-09-27 [종주기-한북정맥] 한북정맥 종주기 (05) 울대고개~도봉산~솔고개 https://cafe.daum.net/woosengzlsamo/FPPA/7,"[0.4] 2021-09-27 [한북정맥-완주] 한북정맥 5차 4 (사패능선, 포대능선, 상장능선) 이모저모 https://cafe.daum.net/woosengzlsamo/F9Uy/19","[0.4] 2021-09-27 [한북정맥-완주] 한북정맥 5차 3(사패능선, 포대능선, 상장능선) 이모저모 https://cafe.daum.net/woosengzlsamo/F9Uy/18"
ambiguous,2021-08-28,13:49:46,2021-08-28 학봉(가람봉).gpx,[0.8] 2021-09-07 [종주기-한북정맥] 한북정맥 종주기 (04) 큰넉고개~불국산~울대고개 https://cafe.daum.net/woosengzlsamo/FPPA/6,[0.8] 2021-09-07 [한북정맥-완주] 한북정맥 4-3 ＜큰넉고개 - 울대고개＞ https://cafe.daum.net/woosengzlsamo/F9Uy/15,[0.8] 2021-09-07 [한북정맥-완주] 한북정맥 4-2 ＜큰넉고개 - 울대고개＞ https://cafe.daum.net/woosengzlsamo/F9Uy/14
ambiguous,2021-08-24,08:12:47,2021-08-25 문복산.gpx,[0.8] 2021-09-07 [종주기-한북정맥] 한북정맥 종주기 (04) 큰넉고개~불국산~울대고개 https://cafe.daum.net/woosengzlsamo/FPPA/6,[0.8] 2021-09-07 [한북정맥-완주] 한북정맥 4-3 ＜큰넉고개 - 울대고개＞ https://cafe.daum.net/woosengzlsamo/F9Uy/15,[0.8] 2021-09-07 [한북정맥-완주] 한북정맥 4-2 ＜큰넉고개 - 울대고개＞ https://cafe.daum.net/woosengzlsamo/F9Uy/14
ambiguous,2021-08-14,14:44:37,2021-08-14산성산.gpx,[1.5] 2021-08-19 [종주기-한북정맥] 한북정맥 종주기 (03) 노채고개~운악산~수원산~국사봉~큰넉고개 https://cafe.daum.net/woosengzlsamo/FPPA/5,"[1.5] 2021-08-19 [한북정맥-완주] 한북정맥 3-3 (수원산, 국사봉) 이모저모 https://cafe.daum.net/woosengzlsamo/F9Uy/12","[1.5] 2021-08-19 [한북정맥-완주] 한북정맥 3-2 (원통산, 운악산) 이모저모 https://cafe.daum.net/woosengzlsamo/F9Uy/11"
ambiguous,2021-07-17,한남2차 광덕산,2021-07-01한남2차 광덕산__20210701_0708.gpx,[6.0] 2019-05-20 [종주기-한남정맥] 한남정맥 종주기 (02) 가현치 ~ 구봉산 ~ 두창고개 구간 https://cafe.daum.net/woosengzlsamo/FPP8/3,[6.0] 2019-12-03 [한남정맥-완주] 한남정맥12구간(문수산) 산행(2) https://cafe.daum.net/woosengzlsamo/F9Uz/62,[6.0] 2019-11-18 [한남정맥-완주] 한남정맥11구간(가현산) 산행(2) https://cafe.daum.net/woosengzlsamo/F9Uz/57
ambiguous,2021-06-20,09:29:31,2021-06-20 억산.gpx,[0.8] 2021-07-02 [종주기-한북정맥] 한북정맥 종주기 (01) 수피령~복주산~광덕고개 https://cafe.daum.net/woosengzlsamo/FPPA/3,[0.8] 2021-06-28 [종주기-한북정맥] 종주 현황 https://cafe.daum.net/woosengzlsamo/FPPA/2,[0.8] 2021-07-02 [한북정맥-완주] 한북정맥 1-2 이모저모 (2021.07.01) https://cafe.daum.net/woosengzlsamo/F9Uy/5
none,2021-06-04,지리산 종주 성삼재 중산리,2021-06-05_지리산_종주_성삼재_중산리.gpx,,,
ambiguous,2021-05-22,14:22:20,2021-05-22 142220__20210522_1422.gpx,[1.5] 2021-05-28 [청룡지맥] 청룡지맥 종주 계획 https://cafe.daum.net/woosengzlsamo/FQbX/1,"[0.8] 2021-06-03 [청룡지맥] 청룡지맥 1차 (비슬산) - 1,084봉이 왜 천왕봉이어야 하나? https://cafe.daum.net/woosengzlsamo/FQbX/2",[0.8] 2021-05-30 [비슬산 둘레길] 비슬산둘레길 마지막 구간 (마비정벽화길) 이모저모 https://cafe.daum.net/woosengzlsamo/FOOX/27
ambiguous,2021-01-02,낙남 15차,4낙남정맥/실제/낙남 15차 (남산-누릉내미)_20210103_0810.gpx,[10.3] 2021-01-04 [낙남정간-완주] 낙남정간 종주기 (15) 대암산 이모저모 https://cafe.daum.net/woosengzlsamo/F9V2/75,[10.0] 2020-12-27 [낙남정간-완주] 낙남15차 15구간(용제봉) 산행계획서 https://cafe.daum.net/woosengzlsamo/F9V2/74,[9.9] 2021-01-05 [종주기-낙남정간] 낙남정간 종주기 (15) 남산치 - 대암산 - 누룽내미고개 https://cafe.daum.net/woosengzlsamo/FPP9/15
ambiguous,2020-12-02,10:29:51,2020-12-02 102951__20201202_1029.gpx,[1.5] 2020-12-07 [종주기-낙남정간] 낙남정간 종주기 (13) 마재 ~ 천주산 ~ 신풍고개 https://cafe.daum.net/woosengzlsamo/FPP9/13,[0.8] 2020-12-11 [산행앨범] 12/10산행 --대곡역-수목원-마비정벽화마을 문씨세거지 3 https://cafe.daum.net/woosengzlsamo/8I5j/603,[0.8] 2020-12-11 [산행앨범] 12/10산행 --대곡역-수목원-마비정벽화마을 문씨세거지 2 https://cafe.daum.net/woosengzlsamo/8I5j/602
ambiguous,2020-11-25,대둘13구간,대구둘레길/실제/대둘 13구간__20201125_1016.gpx,[6.0] 2020-02-24 [대구 둘레길] 대구둘레길 13구간 https://cafe.daum.net/woosengzlsamo/FOP8/14,[6.0] 2025-10-18 [대구둘레길 2차] 대구둘레길 13구간 (우록상원길) - 잊음과 지레짐작 사이에서 https://cafe.daum.net/woosengzlsamo/FUsg/11,[2.6] 2020-11-26 [산행앨범] 11/26우즐모 스케치 https://cafe.daum.net/woosengzlsamo/8I5j/596
ambiguous,2020-11-20,14:08:00,2020-11-20대구골목투어2구간 .gpx,[1.5] 2020-11-26 [산행앨범] 11/26우즐모 스케치 https://cafe.daum.net/woosengzlsamo/8I5j/596,[0.8] 2020-12-01 [산행앨범] 달성습지와 대명유수지를 걷다.2 https://cafe.daum.net/woosengzlsamo/8I5j/598,[0.8] 2020-12-01 [산행앨범] 달성습지와 대명유수지를 걷다.1 https://cafe.daum.net/woosengzlsamo/8I5j/597
ambiguous,2020-11-20,고치령,20201121.gpx,[1.5] 2020-11-26 [산행앨범] 11/26우즐모 스케치 https://cafe.daum.net/woosengzlsamo/8I5j/596,[0.8] 2020-12-01 [산행앨범] 달성습지와 대명유수지를 걷다.2 https://cafe.daum.net/woosengzlsamo/8I5j/598,[0.8] 2020-12-01 [산행앨범] 달성습지와 대명유수지를 걷다.1 https://cafe.daum.net/woosengzlsamo/8I5j/597
ambiguous,2020-11-18,09:53:20,2020-11-18 대둘12구간.gpx,[0.8] 2020-12-01 [산행앨범] 달성습지와 대명유수지를 걷다.2 https://cafe.daum.net/woosengzlsamo/8I5j/598,[0.8] 2020-12-01 [산행앨범] 달성습지와 대명유수지를 걷다.1 https://cafe.daum.net/woosengzlsamo/8I5j/597,[0.8] 2020-11-26 [산행앨범] 11/26우즐모 스케치 https://cafe.daum.net/woosengzlsamo/8I5j/596
ambiguous,2020-11-18,대둘 12구간,대구둘레길/실제/대둘 12구간__20201118_0953.gpx,[8.0] 2020-02-24 [대구 둘레길] 대구둘레길 12구간 https://cafe.daum.net/woosengzlsamo/FOP8/13,"[8.0] 2025-10-26 [대구둘레길 2차] 대구둘레길 12구간 – 정대우록길(변형), 교과서 산맥체계 이대로 좋은가? https://cafe.daum.net/woosengzlsamo/FUsg/13",[0.8] 2020-12-01 [산행앨범] 달성습지와 대명유수지를 걷다.2 https://cafe.daum.net/woosengzlsamo/8I5j/598
ambiguous,2020-11-12,10:09:03,2020-11-12 100903__20201112_1009.gpx,[1.5] 2020-11-16 [산행앨범] 문양에서 사문진 까지 https://cafe.daum.net/woosengzlsamo/8I5j/595,[1.5] 2020-11-16 [산행앨범] 점심 먹고 힘을 내어서 또 걸어야지................ https://cafe.daum.net/woosengzlsamo/8I5j/594,[1.5] 2020-11-17 [종주기-낙남정간] 낙남정간 종주기 (12) 한치 ~ 무학산 ~ 말티 https://cafe.daum.net/woosengzlsamo/FPP9/12
ambiguous,2020-11-11,10:23:50,2020-11-11 102350__20201111_1023.gpx,[1.5] 2020-11-16 [산행앨범] 문양에서 사문진 까지 https://cafe.daum.net/woosengzlsamo/8I5j/595,[1.5] 2020-11-16 [산행앨범] 점심 먹고 힘을 내어서 또 걸어야지................ https://cafe.daum.net/woosengzlsamo/8I5j/594,[1.5] 2020-11-17 [종주기-낙남정간] 낙남정간 종주기 (12) 한치 ~ 무학산 ~ 말티 https://cafe.daum.net/woosengzlsamo/FPP9/12
ambiguous,2020-11-08,10:36:38,2020-11-08 103638__20201108_1036.gpx,[0.8] 2020-11-16 [산행앨범] 문양에서 사문진 까지 https://cafe.daum.net/woosengzlsamo/8I5j/595,[0.8] 2020-11-16 [산행앨범] 점심 먹고 힘을 내어서 또 걸어야지................ https://cafe.daum.net/woosengzlsamo/8I5j/594,[0.8] 2020-11-17 [종주기-낙남정간] 낙남정간 종주기 (12) 한치 ~ 무학산 ~ 말티 https://cafe.daum.net/woosengzlsamo/FPP9/12
ambiguous,2020-11-04,대둘 11구간,대구둘레길/실제/대둘 11구간__20201104_1109.gpx,[8.0] 2020-02-24 [대구 둘레길] 대구둘레길 11구간 https://cafe.daum.net/woosengzlsamo/FOP8/12,"[8.0] 2025-09-28 [대구둘레길 2차] 대구 둘레길 11구간 - 마비정정대길, 비슬산 자락의 아늑한 숲길 https://cafe.daum.net/woosengzlsamo/FUsg/12",[6.0] 2020-06-11 [산행앨범] 6/11(목)대구 둘레2길 https://cafe.daum.net/woosengzlsamo/8I5j/574
ambiguous,2020-10-24,09:29:48,옥순봉-구담봉(2020-10-24).gpx,"[0.8] 2020-11-02 [산행앨범] 여항산에서 본 함안,창원 https://cafe.daum.net/woosengzlsamo/8I5j/593",[0.8] 2020-11-02 [산행앨범] 서북산에서 본 동남방향 좌측이 가덕도 우측이 거제도 https://cafe.daum.net/woosengzlsamo/8I5j/592,"[0.8] 2020-11-02 [산행앨범] 744고지 전에서 본 함안,창원 https://cafe.daum.net/woosengzlsamo/8I5j/591"
ambiguous,2020-10-15,이천동,2020-10-15 이천동__20201015_1353.gpx,[1.5] 2020-10-22 [산행앨범] 대둘 7구간 서재문양길 이모저모 (2) https://cafe.daum.net/woosengzlsamo/8I5j/589,[1.5] 2020-10-22 [산행앨범] 대둘 7구간 서재문양길 이모저모 (1) https://cafe.daum.net/woosengzlsamo/8I5j/588,[1.5] 2020-10-22 [산행앨범] 10/22우즐모스케치 https://cafe.daum.net/woosengzlsamo/8I5j/587
ambiguous,2020-10-11,노적봉,2020-10-11 노적봉__20201011_1026.gpx,[0.8] 2020-10-22 [산행앨범] 대둘 7구간 서재문양길 이모저모 (2) https://cafe.daum.net/woosengzlsamo/8I5j/589,[0.8] 2020-10-22 [산행앨범] 대둘 7구간 서재문양길 이모저모 (1) https://cafe.daum.net/woosengzlsamo/8I5j/588,[0.8] 2020-10-22 [산행앨범] 10/22우즐모스케치 https://cafe.daum.net/woosengzlsamo/8I5j/587
ambiguous,2020-09-28,대둘 10구간,대구둘레길/실제/대둘 10구간__20200928_1000.gpx,[8.0] 2020-02-24 [대구 둘레길] 대구둘레길 10구간 https://cafe.daum.net/woosengzlsamo/FOP8/11,[8.0] 2025-09-22 [대구둘레길 2차] 대구둘레길 10구간 ― 대곡마비정길 https://cafe.daum.net/woosengzlsamo/FUsg/10,[2.8] 2020-10-08 [산행앨범] 대둘6길 가을정취 https://cafe.daum.net/woosengzlsamo/8I5j/585
ambiguous,2020-09-12,08:52:01,2020-09-13 앞산 대덕산.gpx,[0.8] 2020-09-24 [산행앨범] 대둘 5구간 무태팔달길 이모저모 https://cafe.daum.net/woosengzlsamo/8I5j/584,[0.8] 2020-09-22 [종주기-낙남정간] 낙남정간 종주기 (08) 배곡고개 - 천왕산 - 장전고개 https://cafe.daum.net/woosengzlsamo/FPP9/8,[0.8] 2020-09-24 [낙남정간-완주] 1.3종주대 현금출납장 (2020.9/20) https://cafe.daum.net/woosengzlsamo/F9V2/47
ambiguous,2020-09-05,연호산,2020-09-05 연호산__20200905_1109.gpx,[1.5] 2020-09-10 [산행앨범] 대둘 4구간(공산무태길) 이모저모 https://cafe.daum.net/woosengzlsamo/8I5j/583,[1.5] 2020-09-11 [종주기-백두대간] 백두대간 종주 일정 https://cafe.daum.net/woosengzlsamo/FPOx/1,[1.5] 2020-09-11 [낙동정맥-완주] 낙동정맥 종주 일정 https://cafe.daum.net/woosengzlsamo/FPOy/1
ambiguous,2020-08-30,10:40:48,2020-08-30 도각봉.gpx,[0.8] 2020-09-10 [산행앨범] 대둘 4구간(공산무태길) 이모저모 https://cafe.daum.net/woosengzlsamo/8I5j/583,[0.8] 2020-09-11 [종주기-백두대간] 백두대간 종주 일정 https://cafe.daum.net/woosengzlsamo/FPOx/1,[0.8] 2020-09-11 [낙동정맥-완주] 낙동정맥 종주 일정 https://cafe.daum.net/woosengzlsamo/FPOy/1
ambiguous,2020-08-09,10:31:15,2020-08-09 함박산.gpx,[1.5] 2020-08-14 [산행앨범] 2020.8월1차 정기산행 이모저모 (천지갑산) https://cafe.daum.net/woosengzlsamo/8I5j/581,[1.5] 2020-08-13 [산행앨범] 천지갑산 스케치2 https://cafe.daum.net/woosengzlsamo/8I5j/580,[1.5] 2020-08-13 [산행앨범] 8/13천지갑산 스케치 https://cafe.daum.net/woosengzlsamo/8I5j/579
ambiguous,2020-08-02,호거산,2020-08-03 호거산__20200803_0724.gpx,[0.8] 2020-08-14 [산행앨범] 2020.8월1차 정기산행 이모저모 (천지갑산) https://cafe.daum.net/woosengzlsamo/8I5j/581,[0.8] 2020-08-13 [산행앨범] 천지갑산 스케치2 https://cafe.daum.net/woosengzlsamo/8I5j/580,[0.8] 2020-08-13 [산행앨범] 8/13천지갑산 스케치 https://cafe.daum.net/woosengzlsamo/8I5j/579
ambiguous,2020-07-31,옹강산,2020-08-01 옹강산__20200801_0803.gpx,[0.8] 2020-08-14 [산행앨범] 2020.8월1차 정기산행 이모저모 (천지갑산) https://cafe.daum.net/woosengzlsamo/8I5j/581,[0.8] 2020-08-13 [산행앨범] 천지갑산 스케치2 https://cafe.daum.net/woosengzlsamo/8I5j/580,[0.8] 2020-08-13 [산행앨범] 8/13천지갑산 스케치 https://cafe.daum.net/woosengzlsamo/8I5j/579
ambiguous,2020-07-18,10:25:55,해파랑길/실제/해파랑 01 오륙도~해운대_20200718.gpx,[1.5] 2020-07-24 [산행앨범] 왕산교하 낚시 대회 https://cafe.daum.net/woosengzlsamo/8I5j/578,[0.3] 2020-07-20 [종주기-낙남정간] 낙남정간 종주기 (06) 진주연결목 - 무선산 - 돌장고개 https://cafe.daum.net/woosengzlsamo/FPP9/6,[0.3] 2020-07-20 [낙남정간-완주] 13종주대 번개 산행(옹강산) 안내 - 확정 변경 https://cafe.daum.net/woosengzlsamo/F9V2/36
ambiguous,2020-07-15,10:21:08,2020-07-15 102108__20200715_1021.gpx,[1.5] 2020-07-20 [종주기-낙남정간] 낙남정간 종주기 (06) 진주연결목 - 무선산 - 돌장고개 https://cafe.daum.net/woosengzlsamo/FPP9/6,[1.5] 2020-07-20 [낙남정간-완주] 13종주대 번개 산행(옹강산) 안내 - 확정 변경 https://cafe.daum.net/woosengzlsamo/F9V2/36,[0.8] 2020-07-24 [산행앨범] 왕산교하 낚시 대회 https://cafe.daum.net/woosengzlsamo/8I5j/578
ambiguous,2020-07-13,방음산,2020-07-14_08-17-50운문사주차장-방음산-장군봉-서래봉-못안폭포-못안골-운문사주차장.gpx,[1.5] 2020-07-20 [종주기-낙남정간] 낙남정간 종주기 (06) 진주연결목 - 무선산 - 돌장고개 https://cafe.daum.net/woosengzlsamo/FPP9/6,[1.5] 2020-07-20 [낙남정간-완주] 13종주대 번개 산행(옹강산) 안내 - 확정 변경 https://cafe.daum.net/woosengzlsamo/F9V2/36,[0.8] 2020-07-24 [산행앨범] 왕산교하 낚시 대회 https://cafe.daum.net/woosengzlsamo/8I5j/578
ambiguous,2020-07-04,낙남 06차 (),4낙남정맥/실제/낙남 05차 (선덜-진주)_20200705_0825.gpx,[8.4] 2020-07-20 [종주기-낙남정간] 낙남정간 종주기 (06) 진주연결목 - 무선산 - 돌장고개 https://cafe.daum.net/woosengzlsamo/FPP9/6,[8.4] 2020-07-23 [낙남정간-완주] 낙남정맥 6구간 (무선산) 산행③ https://cafe.daum.net/woosengzlsamo/F9V2/39,[8.4] 2020-07-23 [낙남정간-완주] 낙남정맥 6구간 (무선산) 산행② https://cafe.daum.net/woosengzlsamo/F9V2/38
ambiguous,2020-06-14,11:50,2020-06-14 1150__20200614_1150.gpx,[0.4] 2020-06-29 [산행앨범] 가지산북봉산행 https://cafe.daum.net/woosengzlsamo/8I5j/576,,
ambiguous,2020-06-03,대둘 03구간,대구둘레길/실제/대둘 03구간__20200603_1025.gpx,[6.0] 2020-02-24 [대구 둘레길] 대구둘레길 3구간 https://cafe.daum.net/woosengzlsamo/FOP8/4,[6.0] 2025-03-24 [대구둘레길 2차] 대구 둘레길 3구간 (평광~공산길 ) https://cafe.daum.net/woosengzlsamo/FUsg/3,[2.8] 2020-06-11 [산행앨범] 대둘 2구간(매여평광길) 이모저모 https://cafe.daum.net/woosengzlsamo/8I5j/575
ambiguous,2020-05-25,대둘 02구간,대구둘레길/실제/대둘 02구간__20200525_1040.gpx,[6.4] 2020-06-11 [산행앨범] 6/11(목)대구 둘레2길 https://cafe.daum.net/woosengzlsamo/8I5j/574,[6.0] 2020-02-24 [대구 둘레길] 대구둘레길 2구간 https://cafe.daum.net/woosengzlsamo/FOP8/3,[6.0] 2025-03-15 [대구둘레길 2차] 대구둘레길 2구간 매여 평광길 https://cafe.daum.net/woosengzlsamo/FUsg/2
ambiguous,2020-05-22,대둘 01구간,대구둘레길/실제/대둘 01구간__20200522_1011.gpx,[6.0] 2020-02-23 [대구 둘레길] 대구둘레길 1구간 https://cafe.daum.net/woosengzlsamo/FOP8/2,"[6.0] 2025-03-02 [대구둘레길 2차] 대구둘레길 1구간, 안심매여길 https://cafe.daum.net/woosengzlsamo/FUsg/1",[3.5] 2020-05-28 [산행앨범] 대둘 1구간 (안심역 - 초례봉 - 매여동) 이모저모 https://cafe.daum.net/woosengzlsamo/8I5j/573
ambiguous,2020-04-29,07:55,2020-04-30 팔공산 칠암자_20221202_161634.xml.gpx,"[0.8] 2020-05-12 [53] 대한민국 요산조산 (황매산, 영암산) https://cafe.daum.net/woosengzlsamo/FSZF/5","[0.8] 2020-05-11 [53] 천수봉, 주산 https://cafe.daum.net/woosengzlsamo/FSZF/2",[0.4] 2020-05-16 [산행앨범] 스파벨리 스케치(5/14) https://cafe.daum.net/woosengzlsamo/8I5j/572
ambiguous,2020-04-23,14:06ㅡ1,2020-04-23 1406ㅡ1__20200423_1406.gpx,"[0.4] 2020-05-12 [53] 대한민국 요산조산 (황매산, 영암산) https://cafe.daum.net/woosengzlsamo/FSZF/5",[0.4] 2020-05-14 [53] 2020년 5월 1차 정기산행 (주암산) 이모저모 https://cafe.daum.net/woosengzlsamo/FSZF/3,"[0.4] 2020-05-11 [53] 천수봉, 주산 https://cafe.daum.net/woosengzlsamo/FSZF/2"
ambiguous,2020-04-23,14:27,2020-04-23 1427__20200423_1427.gpx,"[0.4] 2020-05-12 [53] 대한민국 요산조산 (황매산, 영암산) https://cafe.daum.net/woosengzlsamo/FSZF/5",[0.4] 2020-05-14 [53] 2020년 5월 1차 정기산행 (주암산) 이모저모 https://cafe.daum.net/woosengzlsamo/FSZF/3,"[0.4] 2020-05-11 [53] 천수봉, 주산 https://cafe.daum.net/woosengzlsamo/FSZF/2"
ambiguous,2020-01-07,백두 09차 (수령-안성),5백두대간/백두 09차 (수령-안성)__20200107_1012.gpx,[8.0] 2010-08-30 [종주기-백두대간] 백두대간 종주기 (9) 빼재 - 백암봉 - 동엽령 구간 https://cafe.daum.net/woosengzlsamo/FPOx/11,[8.0] 2026-05-10 [속리산둘레길] 속리산 둘레길 9구간 [백두대간 이음길] https://cafe.daum.net/woosengzlsamo/FVOW/9,[5.0] 2022-09-09 [트랙자료실] 1+9 구간별 트랙 (백두대간 전 구간) https://cafe.daum.net/woosengzlsamo/DbwX/19
ambiguous,2019-12-21,13:58,2019-12-21 1358__20191221_1358.gpx,[1.5] 2019-12-27 [산행앨범] 우생즐 191226 활동사진 https://cafe.daum.net/woosengzlsamo/8I5j/567,[1.5] 2019-12-27 [산행앨범] 우생즐사모 191228 궁산 동영상 https://cafe.daum.net/woosengzlsamo/8I5j/566,[0.8] 2019-12-30 [낙남정간-완주] 낙남정맥 출정식을 앞두고... https://cafe.daum.net/woosengzlsamo/F9V2/1
ambiguous,2019-11-09,11:31,2019-11-09 비로봉.gpx,[1.5] 2019-11-14 [산행앨범] 11월 1차 정기산행 (다랑골산) 이모저모 https://cafe.daum.net/woosengzlsamo/8I5j/560,[1.5] 2019-11-14 [산행앨범] 11/14 삼성산 단풍길 스케치 https://cafe.daum.net/woosengzlsamo/8I5j/559,[0.8] 2019-11-19 [종주기-한남정맥] 한남정맥 종주기 (11) 문고개 - 가현산 - 동인기연 https://cafe.daum.net/woosengzlsamo/FPP8/12
ambiguous,2019-09-21,08:45,2019-09-22경산시계9구간 금박산.gpx,[1.5] 2019-09-27 [산행앨범] 청도 나드리투어 운문코스 이모저모 https://cafe.daum.net/woosengzlsamo/8I5j/552,[1.5] 2019-09-26 [산행앨범] 9/26 청도투어 https://cafe.daum.net/woosengzlsamo/8I5j/551,[0.8] 2019-09-29 [한남정맥-완주] 한남정맥 구간별 종주(12구간) 계획표 https://cafe.daum.net/woosengzlsamo/F9Uz/43
ambiguous,2019-09-19,10:40,2019-09-19 북한산 백운대.gpx,[1.5] 2019-09-26 [산행앨범] 9/26 청도투어 https://cafe.daum.net/woosengzlsamo/8I5j/551,[0.8] 2019-09-27 [산행앨범] 청도 나드리투어 운문코스 이모저모 https://cafe.daum.net/woosengzlsamo/8I5j/552,[0.8] 2019-09-29 [한남정맥-완주] 한남정맥 구간별 종주(12구간) 계획표 https://cafe.daum.net/woosengzlsamo/F9Uz/43
ambiguous,2019-09-08,와룡산사령봉,2019-09-08 와룡산사령봉__20190908_1024.gpx,[0.4] 2019-09-27 [산행앨범] 청도 나드리투어 운문코스 이모저모 https://cafe.daum.net/woosengzlsamo/8I5j/552,[0.4] 2019-09-26 [산행앨범] 9/26 청도투어 https://cafe.daum.net/woosengzlsamo/8I5j/551,[0.4] 2019-09-29 [한남정맥-완주] 한남정맥 구간별 종주(12구간) 계획표 https://cafe.daum.net/woosengzlsamo/F9Uz/43
none,2019-09-03,15:02,2019-09-03상림숲2.gpx,,,
none,2019-09-03,10:33,2019-09-03장수산숲길.gpx,,,
ambiguous,2019-08-11,09:22,2019-08-11 망일봉.함지산.gpx,[0.8] 2019-08-23 [산행앨범] 190822 사신 들레길 동영산 https://cafe.daum.net/woosengzlsamo/8I5j/549,[0.8] 2019-08-23 [산행앨범] 190822 사신사진2 https://cafe.daum.net/woosengzlsamo/8I5j/548,[0.8] 2019-08-23 [산행앨범] 우생190822 서산 둘레길 사진1 https://cafe.daum.net/woosengzlsamo/8I5j/547
ambiguous,2019-08-04,ACTIVE LOG-072519,2019-08-05 중국 장백산(백두산) 3일차.gpx,[1.5] 2019-08-08 [산행앨범] 8/8(목)한 날의 추억 https://cafe.daum.net/woosengzlsamo/8I5j/545,[0.4] 2019-08-23 [산행앨범] 190822 사신 들레길 동영산 https://cafe.daum.net/woosengzlsamo/8I5j/549,[0.4] 2019-08-23 [산행앨범] 190822 사신사진2 https://cafe.daum.net/woosengzlsamo/8I5j/548
ambiguous,2019-08-03,ACTIVE LOG-104121,2019-08-03 중국 장백산(백두산) 1일차.gpx,[1.5] 2019-08-08 [산행앨범] 8/8(목)한 날의 추억 https://cafe.daum.net/woosengzlsamo/8I5j/545,[0.4] 2019-08-23 [산행앨범] 190822 사신 들레길 동영산 https://cafe.daum.net/woosengzlsamo/8I5j/549,[0.4] 2019-08-23 [산행앨범] 190822 사신사진2 https://cafe.daum.net/woosengzlsamo/8I5j/548
ambiguous,2019-07-18,09:21,2019-07-18 가은산.gpx,[1.5] 2019-07-25 [산행앨범] 19. 07. 25. 두유공원 둘레길 사진1 https://cafe.daum.net/woosengzlsamo/8I5j/544,[1.5] 2019-07-25 [산행앨범] 19. 07. 25. 두류공원 둘레길 동영상 https://cafe.daum.net/woosengzlsamo/8I5j/543,[1.5] 2019-07-23 [종주기-한남정맥] 한남정맥 종주기 (06) 포은대로 - 광교산(계단치레산) - 지지대고개 구간 https://cafe.daum.net/woosengzlsamo/FPP8/7
ambiguous,2019-06-30,경산시경계 7. 구룡산,2019-06-30 경산시경계 7. 구룡산.gpx,[0.8] 2019-07-12 [산행앨범] 2019. 07.11 달성 참꽃투어 동영상 https://cafe.daum.net/woosengzlsamo/8I5j/542,[0.8] 2019-07-12 [산행앨범] 2019. 07.11 달성 참꽃투어 사진 2 https://cafe.daum.net/woosengzlsamo/8I5j/541,[0.8] 2019-07-12 [산행앨범] 2019. 07.11 달성 참꽃투어 사진 1 https://cafe.daum.net/woosengzlsamo/8I5j/540
ambiguous,2019-06-20,10:00,2019-06-20.무주백운산0.gpx,[0.4] 2019-07-08 [종주기-한남정맥] 한남정맥 종주기 (05) 작고개 ~ 선장산 ~ 상현초교 구간 https://cafe.daum.net/woosengzlsamo/FPP8/6,[0.4] 2019-07-10 [한남정맥-완주] 현금출납장 (2019.7/7) https://cafe.daum.net/woosengzlsamo/F9Uz/32,[0.4] 2019-07-08 [한남정맥-완주] 한남정맥 5구간 (선장산) 산행③ https://cafe.daum.net/woosengzlsamo/F9Uz/31
ambiguous,2019-06-16,09:46,2019-06-16.금남04.석성산.gpx,[0.6] 2019-06-17 [종주기-한남정맥] 한남정맥 종주기 (04) 무너미고개 ~ 석성산 ~ 작고개 구간 https://cafe.daum.net/woosengzlsamo/FPP8/5,[0.3] 2019-06-18 [한남정맥-완주] 현금출납장 (2019.6/16) https://cafe.daum.net/woosengzlsamo/F9Uz/27,[0.3] 2019-06-18 [한남정맥-완주] 한남정맥 4구간 (부아산) 산행④ https://cafe.daum.net/woosengzlsamo/F9Uz/26
ambiguous,2019-06-09,10:34,2019-06-09 불로고분군.gpx,[1.5] 2019-06-14 [산행앨범] 단산 기록 https://cafe.daum.net/woosengzlsamo/8I5j/539,[1.5] 2019-06-14 [산행앨범] 2019. 06.13 단산 감태봉 사진2 https://cafe.daum.net/woosengzlsamo/8I5j/538,[1.5] 2019-06-14 [산행앨범] 2019. 06.13 단산 감태봉 사진1 https://cafe.daum.net/woosengzlsamo/8I5j/537
ambiguous,2019-06-02,대둘 14구간,대구둘레길/실제/대둘 14구간__20190602_1025.gpx,[8.0] 2020-02-24 [대구 둘레길] 대구둘레길 14구간 https://cafe.daum.net/woosengzlsamo/FOP8/15,"[8.0] 2025-11-15 [대구둘레길 2차] 대구둘레길 14구간 –상원용지길, 백비 앞에서 https://cafe.daum.net/woosengzlsamo/FUsg/14",[0.8] 2019-06-14 [산행앨범] 단산 기록 https://cafe.daum.net/woosengzlsamo/8I5j/539
ambiguous,2019-04-28,10:00,2019-04-28 1000__20190428_1000.gpx,[0.8] 2019-05-10 [산행앨범] 2019. 5. 9. 범어산 둘레길 걷기 동영상 https://cafe.daum.net/woosengzlsamo/8I5j/532,[0.8] 2019-05-10 [산행앨범] 2019. 5. 9 범어산 둘레길 사진2 https://cafe.daum.net/woosengzlsamo/8I5j/531,[0.8] 2019-05-10 [산행앨범] 2019. 5. 9 범어산 둘레길 사진1 https://cafe.daum.net/woosengzlsamo/8I5j/530
ambiguous,2019-02-04,대둘 05구간,대구둘레길/실제/대둘 05구간__20190204_1032.gpx,[6.0] 2020-02-24 [대구 둘레길] 대구둘레길 5구간 https://cafe.daum.net/woosengzlsamo/FOP8/6,"[6.0] 2025-05-17 [대구둘레길 2차] 대구둘레길 5 (무태팔달길) - 산불, 오히려 https://cafe.daum.net/woosengzlsamo/FUsg/5",[0.8] 2019-02-14 [산행앨범] 형제산 산행 이모저모 (2019.2.14) https://cafe.daum.net/woosengzlsamo/8I5j/518
ambiguous,2019-02-04,대둘 06구간,대구둘레길/실제/대둘 06구간__20190204_1321.gpx,[6.0] 2020-06-11 [산행앨범] 6/11(목)대구 둘레2길 https://cafe.daum.net/woosengzlsamo/8I5j/574,[6.0] 2020-02-24 [대구 둘레길] 대구둘레길 6구간 https://cafe.daum.net/woosengzlsamo/FOP8/7,[6.0] 2025-05-26 [대구둘레길 2차] 대구둘레길 6구간 (팔달서재길) https://cafe.daum.net/woosengzlsamo/FUsg/6
ambiguous,2018-12-05,비둘 11차,비슬산둘레길/실제/비둘 11차__20181205_0921.gpx,[1.5] 2018-12-12 [산행앨범] 우생즐사모 3탄 https://cafe.daum.net/woosengzlsamo/8I5j/503,[1.5] 2018-12-11 [산행앨범] 우생즐사모 2탄 https://cafe.daum.net/woosengzlsamo/8I5j/502,[1.5] 2018-12-10 [산행앨범] 우생즐사모 1탄 https://cafe.daum.net/woosengzlsamo/8I5j/501
ambiguous,2018-10-14,09:58:58,2018-10-14-북한산숨은벽능선.gpx,[0.8] 2018-10-23 [종주기-금북정맥] 금북정맥 종주기 ＜10＞ 분골고개 - 천마산 - 큰골고개 구간 https://cafe.daum.net/woosengzlsamo/FPP7/9,[0.8] 2018-10-25 [금북정맥-완주] 현금출납장 (2018.10/21) https://cafe.daum.net/woosengzlsamo/F9V1/58,[0.8] 2018-10-22 [금북정맥-완주] 금북정맥 10구간 (문박산) 산행④ https://cafe.daum.net/woosengzlsamo/F9V1/57
ambiguous,2018-10-12,05:11,2018-10-13 능동산-천황산-재약산-층층폭포-코끼리봉.gpx,[0.8] 2018-10-23 [종주기-금북정맥] 금북정맥 종주기 ＜10＞ 분골고개 - 천마산 - 큰골고개 구간 https://cafe.daum.net/woosengzlsamo/FPP7/9,[0.8] 2018-10-25 [금북정맥-완주] 현금출납장 (2018.10/21) https://cafe.daum.net/woosengzlsamo/F9V1/58,[0.8] 2018-10-22 [금북정맥-완주] 금북정맥 10구간 (문박산) 산행④ https://cafe.daum.net/woosengzlsamo/F9V1/57
ambiguous,2018-09-29,북한산숨은벽,2018-09-29 북한산숨은벽.gpx,"[0.8] 2018-10-11 [산행앨범] 10월 1차 정기산행 (강정보 녹색길, 육신사 - 하목정) https://cafe.daum.net/woosengzlsamo/8I5j/498",[0.8] 2018-10-09 [종주기-금북정맥] 금북정맥 종주기 ＜09＞ 차동고개 - 국사봉 - 분골고개 구간 https://cafe.daum.net/woosengzlsamo/FPP7/8,[0.8] 2018-10-10 [금북정맥-완주] 현금출납장 (2018.10/7) https://cafe.daum.net/woosengzlsamo/F9V1/52
ambiguous,2018-09-07,대둘 04구간,대구둘레길/실제/대둘 04구간__20180907_1437.gpx,[6.0] 2020-02-24 [대구 둘레길] 대구둘레길 4구간 https://cafe.daum.net/woosengzlsamo/FOP8/5,[6.0] 2025-03-29 [대구둘레길 2차] 대구둘레길 4구간 (공산 무태길 ) https://cafe.daum.net/woosengzlsamo/FUsg/4,[1.5] 2018-09-13 [산행앨범] 9월 1차 정기산행 용지봉 이모저모 https://cafe.daum.net/woosengzlsamo/8I5j/496
ambiguous,2018-08-24,대둘 09구간,대구둘레길/실제/대둘 09구간__20180824_1554.gpx,[6.0] 2020-02-24 [대구 둘레길] 대구둘레길 9구간 https://cafe.daum.net/woosengzlsamo/FOP8/10,[6.0] 2025-06-28 [대구둘레길 2차] 대구 둘레길 9구간 (강창대곡길) 금호강 르네상스를 응원합니다 https://cafe.daum.net/woosengzlsamo/FUsg/9,[0.4] 2018-09-13 [산행앨범] 9월 1차 정기산행 용지봉 이모저모 https://cafe.daum.net/woosengzlsamo/8I5j/496
ambiguous,2018-08-16,대둘 07구간,대구둘레길/실제/대둘 07구간__20180817_0811.gpx,[6.0] 2020-02-24 [대구 둘레길] 대구둘레길 7구간 https://cafe.daum.net/woosengzlsamo/FOP8/8,[6.0] 2025-05-31 [대구둘레길 2차] 대구 둘레길 7구간 (서재문양길) https://cafe.daum.net/woosengzlsamo/FUsg/7,
ambiguous,2018-06-23,백두 05차 (거림-의닌),5백두대간/백두 03차 (거림-의신)__20180623_0943.gpx,"[8.0] 2013-09-08 [종주기-백두대간] 백두대간 종주기 (59, 땜5) 고기리 고남산 매요리 구간 https://cafe.daum.net/woosengzlsamo/FPOx/62",[8.0] 2010-07-05 [종주기-백두대간] 백두대간 종주기 (05) 무령고개 - 영취산 - 중재 구간 https://cafe.daum.net/woosengzlsamo/FPOx/7,[5.0] 2012-01-20 [지도 자료실] 백두대간 종주지도집 5/24구간 ＜소사고개-질매재＞ https://cafe.daum.net/woosengzlsamo/AKLc/60
ambiguous,2018-05-27,09:00,2018-05-27 0900__20180527_0900.gpx,[0.8] 2018-06-05 [종주기-금북정맥] 금북정맥 종주기 ＜02＞ 옥정재 - 서운산 - 엽돈재 구간 https://cafe.daum.net/woosengzlsamo/FPP7/2,[0.8] 2018-06-05 [금북정맥-완주] 현금출납장 (2018.6/3) https://cafe.daum.net/woosengzlsamo/F9V1/13,[0.8] 2018-06-04 [금북정맥-완주] 금북정맥 2구간 (서운산) 산행④ https://cafe.daum.net/woosengzlsamo/F9V1/12
ambiguous,2018-05-02,Track 001,왕건길ㆍ실제/팔공산 왕건길 07코스 가팔환초길.gpx,[0.8] 2018-05-10 [산행앨범] 산성산 고산골 산행 이모저모 https://cafe.daum.net/woosengzlsamo/8I5j/485,,
ambiguous,2018-05-02,Track 001,왕건길ㆍ실제/팔공산 왕건길 08코스 구사일생길.gpx,[0.8] 2018-05-10 [산행앨범] 산성산 고산골 산행 이모저모 https://cafe.daum.net/woosengzlsamo/8I5j/485,,
ambiguous,2018-04-07,한북 3차,4한북정맥/전구간/한북 3차_20180408_0328.gpx,[8.0] 2021-08-19 [종주기-한북정맥] 한북정맥 종주기 (03) 노채고개~운악산~수원산~국사봉~큰넉고개 https://cafe.daum.net/woosengzlsamo/FPPA/5,[8.0] 2021-10-05 [한북정맥-완주] 한북정맥 (6차 - 마직막 3) 장명산 https://cafe.daum.net/woosengzlsamo/F9Uy/22,"[8.0] 2021-09-27 [한북정맥-완주] 한북정맥 5차 3(사패능선, 포대능선, 상장능선) 이모저모 https://cafe.daum.net/woosengzlsamo/F9Uy/18"
ambiguous,2017-11-16,09:38,2017-11-16 금정산하늘릿찌.gpx,[1.5] 2017-11-23 [산행앨범] 2017년 11월 2차 정기산행 ＜삼성산＞ 이모저모 https://cafe.daum.net/woosengzlsamo/8I5j/472,[1.5] 2017-11-20 [종주기-한남금북] 한남금북정맥 종주기 ＜02＞ 말티 - 광대수산 - 구티 구간﻿﻿ https://cafe.daum.net/woosengzlsamo/FPP6/2,[1.5] 2017-11-20 [한남금북정맥-완주] 현금출납장(2017.11/19) https://cafe.daum.net/woosengzlsamo/F9V0/10
ambiguous,2017-09-07,1028봉(삼거리),2017-09-07 영월 선바위산 순경산(7.6km).gpx,"[1.5] 2017-09-14 [산행앨범] 9월 1차 정기 산행 이모저모 (잠산, 매봉, 수리봉) https://cafe.daum.net/woosengzlsamo/8I5j/467",[0.8] 2017-09-18 [종주기-금남정맥] 금남정맥 종주기 ＜12＞ 윗장고개 - 수정봉 - 금잔디고개 구간 https://cafe.daum.net/woosengzlsamo/FPP3/12,[0.8] 2017-09-20 [금남정맥-완주] 현금출납장(2017.9/17) https://cafe.daum.net/woosengzlsamo/F8Ol/63
ambiguous,2017-08-13,대구_중구_골목투어_04코스_삼덕_봉산_문화길.gpx,대구골목투어/대구_중구_골목투어_4코스_삼덕_봉산_문화길.gpx,[0.8] 2017-08-24 [산행앨범] 8월 2차 정기산행 태복산의 이모저모 (2017.8.24) https://cafe.daum.net/woosengzlsamo/8I5j/466,[0.8] 2017-08-24 [산행앨범] 8월2차 산행 스케치 1장 https://cafe.daum.net/woosengzlsamo/8I5j/465,[0.8] 2017-08-22 [종주기-금남정맥] 금남정맥 종주기 ＜10＞ 벌문이고개 - 성항산 - 진고개 구간 https://cafe.daum.net/woosengzlsamo/FPP3/10
ambiguous,2017-08-12,12906(재보정),왕건길ㆍ실제/팔공산_왕건길_6코스_호연지기길.gpx,[0.8] 2017-08-24 [산행앨범] 8월 2차 정기산행 태복산의 이모저모 (2017.8.24) https://cafe.daum.net/woosengzlsamo/8I5j/466,[0.8] 2017-08-24 [산행앨범] 8월2차 산행 스케치 1장 https://cafe.daum.net/woosengzlsamo/8I5j/465,
ambiguous,2017-08-11,대구_중구_골목투어_03코스_패션_한방길.gpx,대구골목투어/대구_중구_골목투어_3코스_패션_한방길.gpx,[0.8] 2017-08-24 [산행앨범] 8월 2차 정기산행 태복산의 이모저모 (2017.8.24) https://cafe.daum.net/woosengzlsamo/8I5j/466,[0.8] 2017-08-24 [산행앨범] 8월2차 산행 스케치 1장 https://cafe.daum.net/woosengzlsamo/8I5j/465,[0.8] 2017-08-22 [종주기-금남정맥] 금남정맥 종주기 ＜10＞ 벌문이고개 - 성항산 - 진고개 구간 https://cafe.daum.net/woosengzlsamo/FPP3/10
ambiguous,2017-08-11,12705(재보정),대구골목투어/대구_중구_골목투어_5코스_남산_100년_향수길.gpx,[0.8] 2017-08-24 [산행앨범] 8월 2차 정기산행 태복산의 이모저모 (2017.8.24) https://cafe.daum.net/woosengzlsamo/8I5j/466,[0.8] 2017-08-24 [산행앨범] 8월2차 산행 스케치 1장 https://cafe.daum.net/woosengzlsamo/8I5j/465,[0.8] 2017-08-22 [종주기-금남정맥] 금남정맥 종주기 ＜10＞ 벌문이고개 - 성항산 - 진고개 구간 https://cafe.daum.net/woosengzlsamo/FPP3/10
ambiguous,2017-07-25,달성보녹색길1(수목원~기세리),달성보녹색길/달성보녹색길1(수목원~기세리)__20170726_0853.gpx,[0.8] 2017-08-08 [종주기-금남정맥] 금남정맥 종주기 ＜9＞ 만학골재 - 팔재산 - 복룡재 구간 https://cafe.daum.net/woosengzlsamo/FPP3/9,[0.8] 2017-08-07 [금남정맥-완주] 금남정맥 제10구간(팔재산) 9차 산행② https://cafe.daum.net/woosengzlsamo/F8Ol/49,[0.8] 2017-08-07 [금남정맥-완주] 금남정맥 제10구간(팔재산) 9차 산행① https://cafe.daum.net/woosengzlsamo/F8Ol/48
ambiguous,2017-06-10,한티2,칠곡 한티가는길_20221223_110253/한티2__20170610_0920.gpx,[0.8] 2017-06-22 [산행앨범] 6월2차 정기 산행 (당납산) 이모저모 https://cafe.daum.net/woosengzlsamo/8I5j/460,[0.8] 2017-06-19 [종주기-금남정맥] 금남정맥 종주기 ＜6＞ 배티재 - 대둔산 - 수락재 구간 https://cafe.daum.net/woosengzlsamo/FPP3/6,
ambiguous,2017-02-05,갈림(좌향),속리산둘레길/실제/속둘 02_230417.gpx,"[1.5] 2017-02-09 [산행앨범] 사천 봉명산, 물고뱅이에서의 하루 https://cafe.daum.net/woosengzlsamo/8I5j/446",[1.5] 2017-02-09 [산행앨범] 물고뱅이 스케치 https://cafe.daum.net/woosengzlsamo/8I5j/445,[0.6] 2017-02-06 [종주기-호남정맥] 호남정맥 종주기 (35) 회두마을 - 쫓비산 - 탄치 구간 https://cafe.daum.net/woosengzlsamo/FPP2/35
ambiguous,2017-01-24,04:26,2017-01-25 0426__20170125_0426.gpx,[0.8] 2017-02-06 [종주기-호남정맥] 호남정맥 종주기 (35) 회두마을 - 쫓비산 - 탄치 구간 https://cafe.daum.net/woosengzlsamo/FPP2/35,[0.8] 2017-02-07 [호남정맥-완주] 현금출납장(2017.2/5) https://cafe.daum.net/woosengzlsamo/F8Oh/156,[0.8] 2017-02-07 [호남정맥-완주] 호남정맥 제35구간(쫓비산) 40차 산행② https://cafe.daum.net/woosengzlsamo/F8Oh/155
ambiguous,2017-01-15,보령고개,3금북정맥/금북정맥10구간_물편이ㅡ오서산ㅡ공주봉ㅡ생미고개ㅡ꽃조개_20170115_063940.gpx,[0.3] 2017-01-17 [종주기-호남정맥] 호남정맥 종주기 (34) 미사치 - 도솔봉 - 한재 구간 https://cafe.daum.net/woosengzlsamo/FPP2/34,[0.3] 2017-01-17 [호남정맥-완주] 현금출납장(2017.1/15) https://cafe.daum.net/woosengzlsamo/F8Oh/152,[0.3] 2017-01-17 [호남정맥-완주] 호남정맥 제33구간(도솔봉) 39차 산행② https://cafe.daum.net/woosengzlsamo/F8Oh/151
ambiguous,2017-01-14,호남 34차,2호남정맥/실제/호남 34차__20170115_0850.gpx,[10.0] 2016-11-08 [호남정맥-완주] 호남정맥 제29구간(조계산) 34차 산행② https://cafe.daum.net/woosengzlsamo/F8Oh/128,[10.0] 2016-11-08 [호남정맥-완주] 호남정맥 제29구간(조계산) 34차 산행① https://cafe.daum.net/woosengzlsamo/F8Oh/127,[9.9] 2017-01-17 [종주기-호남정맥] 호남정맥 종주기 (34) 미사치 - 도솔봉 - 한재 구간 https://cafe.daum.net/woosengzlsamo/FPP2/34
ambiguous,2016-12-31,호남  33차,2호남정맥/실제/호남 33차__20170101_0517.gpx,[10.3] 2017-01-02 [종주기-호남정맥] 호남정맥 종주기 (33) 한재 - 백운산 - 외회고개 구간 https://cafe.daum.net/woosengzlsamo/FPP2/33,[10.0] 2016-10-18 [호남정맥-완주] 호남정맥 제28구간(존제산) 33차 산행② https://cafe.daum.net/woosengzlsamo/F8Oh/124,[10.0] 2016-10-17 [호남정맥-완주] 호남정맥 제28구간(존제산) 33차 산행① https://cafe.daum.net/woosengzlsamo/F8Oh/123
ambiguous,2015-12-06,호남 10차,2호남정맥/실제/호남 10차__20151206_0932.gpx,[10.3] 2015-12-08 [종주기-호남정맥] 호남정맥 종주기 (10) 밀재-추월산-천치재 구간 https://cafe.daum.net/woosengzlsamo/FPP2/10,[10.3] 2015-12-08 [호남정맥-완주] 호남정맥 제10구간(추월산) 15차 산행① https://cafe.daum.net/woosengzlsamo/F8Oh/48,[10.0] 2015-09-07 [호남정맥-완주] 호남정맥 제5구간(묵방산) 10차 산행➁ https://cafe.daum.net/woosengzlsamo/F8Oh/30
ambiguous,2015-03-07,것고개-보구곳리,2015-03-08 것고개-보구곳리__20150308_0725.gpx,[1.5] 2015-03-13 [산행앨범] 3월 1차 산행 내연산 스케치 https://cafe.daum.net/woosengzlsamo/8I5j/373,[0.8] 2015-03-18 [산행앨범] 향로봉과 삼지봉을 품에 안고.................. https://cafe.daum.net/woosengzlsamo/8I5j/374,[0.4] 2015-03-27 [산행앨범] 3월 2차 백자산 https://cafe.daum.net/woosengzlsamo/8I5j/375
ambiguous,2015-01-15,갈림,"왕건길ㆍ실제/왕건길3,4,5(부남교~평광종점)수정.gpx",[0.8] 2015-01-27 [산행앨범] 마천산에서 미건산으로 https://cafe.daum.net/woosengzlsamo/8I5j/369,,
ambiguous,2014-12-30,공산터널,왕건길ㆍ실제/부인사길(부남교~미곡동).gpx,[0.8] 2015-01-08 [산행앨범] 2015 신년 1월 우즐모 등산 스케치 https://cafe.daum.net/woosengzlsamo/8I5j/368,,
ambiguous,2014-10-05,낙동 28차 (포도산),1낙동정맥/실제/낙동 28차 (포도산)__20141005_0920.gpx,[10.3] 2014-10-07 [종주기-낙동정맥] 낙동정맥 종주기 ＜28＞ 박점고개-여정봉-황장재 구간 https://cafe.daum.net/woosengzlsamo/FPOz/28,[10.0] 2014-12-08 [낙동정맥-완주] 낙동정맥 28차 마지막구간 산행③ https://cafe.daum.net/woosengzlsamo/FPOy/145,[10.0] 2014-12-08 [낙동정맥-완주] 낙동정맥 28차 마지막구간 산행② https://cafe.daum.net/woosengzlsamo/FPOy/144
ambiguous,2014-09-13,낙동 26차 (추령),1낙동정맥/실제/낙동 26차 (추령)__20140914_0844.gpx,"[10.3] 2014-09-15 [종주기-낙동정맥] 낙동정맥 종주기 ＜26, 땜＞ 한티-왕릉봉-검마산휴양림 구간 https://cafe.daum.net/woosengzlsamo/FPOz/26",[10.0] 2014-11-17 [낙동정맥-완주] 낙동정맥 26차26구간(고당봉) 산행② https://cafe.daum.net/woosengzlsamo/FPOy/134,[10.0] 2014-11-17 [낙동정맥-완주] 낙동정맥 26차26구간(고당봉) 산행① https://cafe.daum.net/woosengzlsamo/FPOy/133
ambiguous,2014-09-02,251.9m,4낙남정맥/신낙남/신낙남2(너더리_녹산교).gpx,[6.0] 2020-10-06 [종주기-낙남정간] 낙남정간 종주기 (09) 장밭고개 - 성지산 - 남성치 https://cafe.daum.net/woosengzlsamo/FPP9/9,[6.0] 2020-10-05 [낙남정간-완주] 낙남정맥 9구간 (필두산) 산행③ https://cafe.daum.net/woosengzlsamo/F9V2/51,[6.0] 2020-10-05 [낙남정간-완주] 낙남정맥 9구간 (필두산) 산행② https://cafe.daum.net/woosengzlsamo/F9V2/50
ambiguous,2014-08-17,낙동 25차 (삼선산),1낙동정맥/실제/낙동 25차 (삼선산)__20140817_0952.gpx,[10.3] 2014-08-19 [종주기-낙동정맥] 낙동정맥 종주기 ＜25＞ 윗삼승령-독경산-창수령 구간 https://cafe.daum.net/woosengzlsamo/FPOz/25,[10.0] 2014-11-04 [낙동정맥-완주] 낙동정맥 25차13구간(806봉) 산행② https://cafe.daum.net/woosengzlsamo/FPOy/130,[10.0] 2014-11-04 [낙동정맥-완주] 낙동정맥 25차13구간(806봉) 산행① https://cafe.daum.net/woosengzlsamo/FPOy/129
ambiguous,2014-07-27,호남 17차,2호남정맥/실제/호남 17차__20140727_1052.gpx,[10.0] 2016-01-04 [호남정맥-완주] 호남정맥 제12구간(강천산/왕자봉) 17차 산행➁ https://cafe.daum.net/woosengzlsamo/F8Oh/59,[10.0] 2016-01-04 [호남정맥-완주] 호남정맥 제12구간(강천산/왕자봉) 17차 산행① https://cafe.daum.net/woosengzlsamo/F8Oh/58,[10.0] 2015-12-29 [호남정맥-완주] 호남 17차-12구간 산행 계획서 https://cafe.daum.net/woosengzlsamo/F8Oh/57
ambiguous,2014-05-31,1.낙동정맥전구간,1낙동정맥/실제/1.낙동정맥전구간.gpx,"[6.0] 2026-05-15 [산행앨범] 5월 1차 산책, 낙동강 역사 너울길 https://cafe.daum.net/woosengzlsamo/8I5j/666",[6.0] 2013-03-04 [종주기-낙동정맥] 낙동정맥 종주기 ＜1＞ 몰운대 - 구덕산 - 개금고개 구간 https://cafe.daum.net/woosengzlsamo/FPOz/1,[6.0] 2014-05-01 [낙동정맥-완주] 낙동16차4구간(석개재~답운치) 산행계획(6/1) https://cafe.daum.net/woosengzlsamo/FPOy/73
ambiguous,2014-05-31,낙동 21차(용인등봉),1낙동정맥/실제/낙동 21차(용인등봉)__20140601_0427.gpx,[10.3] 2014-06-02 [종주기-낙동정맥] 낙동정맥 종주기 ＜21＞ 석개재-진조산-답운치 구간 https://cafe.daum.net/woosengzlsamo/FPOz/21,[10.0] 2014-08-19 [낙동정맥-완주] 낙동정맥 21차 9구간 (독경산) 산행② https://cafe.daum.net/woosengzlsamo/FPOy/114,[10.0] 2014-08-19 [낙동정맥-완주] 낙동정맥 21차 9구간 (독경산) 산행① https://cafe.daum.net/woosengzlsamo/FPOy/113
ambiguous,2014-04-26,100봉,"3금북정맥/금북 18, 수량재-물래산-오석산-백화산-모래기재.gpx",[0.8] 2014-05-08 [산행앨범] 가는 곳마다 봉우리가 반겨주는 대구 성서 와룡산 산행(2014.5.8.우생즐사모) https://cafe.daum.net/woosengzlsamo/8I5j/333,[0.4] 2014-05-13 [산행앨범] 컴퓨터가 말썽???? https://cafe.daum.net/woosengzlsamo/8I5j/334,
ambiguous,2013-12-14,낙동 12차 (태화산),1낙동정맥/실제/낙동 12차 (태화산)__20131215_0837.gpx,[10.3] 2013-12-16 [종주기-낙동정맥] 낙동정맥 종주기 ＜12＞ 가사령-침곡산-한티 구간 https://cafe.daum.net/woosengzlsamo/FPOz/12,[10.0] 2014-04-08 [낙동정맥-완주] 낙동정맥 12차 23구간(가지산) 산행② https://cafe.daum.net/woosengzlsamo/FPOy/62,[10.0] 2014-04-07 [낙동정맥-완주] 낙동정맥 12차 23구간(가지산) 산행① https://cafe.daum.net/woosengzlsamo/FPOy/61
ambiguous,2013-12-07,1,2013-12-07_.두리봉.gpx,"[1.5] 2013-12-12 [산행앨범] 편백나무 향기 가득한 부산어린이대공원 트래킹 스케치( 우생즐사모, 열차산행) https://cafe.daum.net/woosengzlsamo/8I5j/314",[1.5] 2013-12-12 [산행앨범] 2013 정기총회 부산 백양산 편백길 https://cafe.daum.net/woosengzlsamo/8I5j/313,[0.8] 2013-12-16 [종주기-낙동정맥] 낙동정맥 종주기 ＜12＞ 가사령-침곡산-한티 구간 https://cafe.daum.net/woosengzlsamo/FPOz/12
ambiguous,2013-12-07,2,2013-12-07_두리봉1.gpx,"[1.5] 2013-12-12 [산행앨범] 편백나무 향기 가득한 부산어린이대공원 트래킹 스케치( 우생즐사모, 열차산행) https://cafe.daum.net/woosengzlsamo/8I5j/314",[1.5] 2013-12-12 [산행앨범] 2013 정기총회 부산 백양산 편백길 https://cafe.daum.net/woosengzlsamo/8I5j/313,[0.8] 2013-12-16 [종주기-낙동정맥] 낙동정맥 종주기 ＜12＞ 가사령-침곡산-한티 구간 https://cafe.daum.net/woosengzlsamo/FPOz/12
ambiguous,2013-11-22,1234,2013-11-22두리봉.gpx,[1.5] 2013-11-28 [산행앨범] 대구9산환종주 경산공원묘원-팔조령 구간 산행(2013.11.28. 우생즐사모) https://cafe.daum.net/woosengzlsamo/8I5j/312,[1.5] 2013-11-27 [낙동정맥-완주] 미리보는 낙정 4~5구간 산행 예상표 https://cafe.daum.net/woosengzlsamo/FPOy/17,[0.8] 2013-12-02 [종주기-낙동정맥] 낙동정맥 종주기 ＜11＞ 토산령-면산-석개재 구간 https://cafe.daum.net/woosengzlsamo/FPOz/11
ambiguous,2013-07-26,한치,2호남정맥/호남16_한치~오도치(빈).gpx,[0.8] 2013-08-09 [산행앨범] 2013년 8월1차 군위군 한티재 숲속계곡 느티나무골식당에서 닭백숙 파티 https://cafe.daum.net/woosengzlsamo/8I5j/296,[0.8] 2013-08-03 [산행앨범] 용문산 바위솔 https://cafe.daum.net/woosengzlsamo/8I5j/293,
ambiguous,2013-06-21,예재,2호남정맥/호남13_예재~곰치(빈).gpx,[1.5] 2013-06-28 [산행앨범] 6월 2차 정기산행 ＜대구9산환종주:용연사-비슬산-헐티＞ https://cafe.daum.net/woosengzlsamo/8I5j/287,[1.5] 2013-06-27 [산행앨범] 2013년 6월 2차 정기산행 스케치＜대구9산 환종주 : 용연사-비슬산-헐티＞ https://cafe.daum.net/woosengzlsamo/8I5j/285,
ambiguous,2013-06-07,돗재,2호남정맥/호남12_돗재~예재(빈).gpx,[1.5] 2013-06-13 [산행앨범] ﻿﻿가야산 만물상 스켓치 https://cafe.daum.net/woosengzlsamo/8I5j/284,[0.4] 2013-06-28 [산행앨범] 6월 2차 정기산행 ＜대구9산환종주:용연사-비슬산-헐티＞ https://cafe.daum.net/woosengzlsamo/8I5j/287,[0.4] 2013-06-27 [산행앨범] 2013년 6월 2차 정기산행 스케치＜대구9산 환종주 : 용연사-비슬산-헐티＞ https://cafe.daum.net/woosengzlsamo/8I5j/285
ambiguous,2013-05-26,"Lat:36.654353, Lon:126.978137, Ele:378.787598",3금북정맥/금북정맥6구간[각흘고개-차동고개].gpx,[0.4] 2013-06-13 [산행앨범] ﻿﻿가야산 만물상 스켓치 https://cafe.daum.net/woosengzlsamo/8I5j/284,,
ambiguous,2013-05-24,어림고개,2호남정맥/호남11_어림고개~돗재(빈).gpx,[0.4] 2013-06-13 [산행앨범] ﻿﻿가야산 만물상 스켓치 https://cafe.daum.net/woosengzlsamo/8I5j/284,,
ambiguous,2013-05-10,388,2호남정맥/호남15_시목치~한치(빈).gpx,[1.5] 2013-05-17 [산행앨범] 5월 1차 산행(9일)의 기록 https://cafe.daum.net/woosengzlsamo/8I5j/282,"[0.3] 2013-05-12 [종주기-백두대간] 백두대간 종주기 (58, 땜4) 고치령 국망봉 초암사 구간 https://cafe.daum.net/woosengzlsamo/FPOx/61",
ambiguous,2013-04-09,달성보녹색길 전구간,달성보녹색길/달성보녹색길 전구간__20130409_1020.gpx,"[1.5] 2013-04-15 [산행앨범] 팔공산 왕건길 6구간의 하산길, 마부리, 개인활동 모습들 https://cafe.daum.net/woosengzlsamo/8I5j/279",[1.5] 2013-04-15 [산행앨범] 팔공산 왕건길 6구간 시작에서 정상까지 https://cafe.daum.net/woosengzlsamo/8I5j/278,[1.5] 2013-04-15 [산행앨범] 팔공산 왕간길 5구간 걷기(1부) https://cafe.daum.net/woosengzlsamo/8I5j/277
none,2013-03-22,장안리,2호남정맥/호남08_평찬삼거리~과치재(빈).gpx,,,
ambiguous,2013-03-08,천치재,2호남정맥/호남07_천치재~평찬삼거리(빈).gpx,"[0.3] 2013-03-10 [종주기-백두대간] 백두대간 종주기 (56, 땜2) 도래기재 선달산 생달리 구간 https://cafe.daum.net/woosengzlsamo/FPOx/59",,
ambiguous,2013-01-25,감상굴재,2호남정맥/호남05_감상굴재~추령(빈).gpx,[0.4] 2013-02-14 [산행앨범] 2월 1차 도덕산 스켓치 https://cafe.daum.net/woosengzlsamo/8I5j/268,,
ambiguous,2012-12-21,염암재,2호남정맥/호남03_염암재~구절재(빈).gpx,[1.5] 2012-12-28 [산행앨범] 남산제일봉 스케치 https://cafe.daum.net/woosengzlsamo/8I5j/263,[1.5] 2012-12-28 [산행앨범] 2012 &#39;우즐모&#39; 연말 특별산행 : 경남 매화산 (남산제일봉) https://cafe.daum.net/woosengzlsamo/8I5j/262,[0.8] 2012-12-31 [산행앨범] 산행력 2 ＜2013년 이후-2015까지＞ https://cafe.daum.net/woosengzlsamo/8I5j/264
ambiguous,2012-11-25,42봉,3금북정맥/금북정맥15구간[모래기재-근흥중학교].gpx,[0.8] 2012-12-09 [산행앨범] 경남 거창 &#39;의상봉&#39; 설경에 반하다 (2012.12.08)-＜1＞ https://cafe.daum.net/woosengzlsamo/8I5j/260,[0.8] 2012-12-08 [산행앨범] 경남 거창 &#39;의상봉&#39; 설경에 반하다 (2012.12.08) https://cafe.daum.net/woosengzlsamo/8I5j/259,[0.4] 2012-12-13 [산행앨범] &#39;우즐모&#39; 12월1차 정기산행 : 광산고개 너머 병풍산 (571m ) https://cafe.daum.net/woosengzlsamo/8I5j/261
ambiguous,2012-11-11,134봉[산판도사거리],3금북정맥/금북정맥14구간[윗갈치-모래기재].gpx,[0.8] 2012-11-23 [산행앨범] &#39;우즐모&#39; 11월 2차정기산행 - 울진 백암산(2012.11.22 ) https://cafe.daum.net/woosengzlsamo/8I5j/258,[0.8] 2012-11-23 [산행앨범] 백암산(1004m) 스켓치 https://cafe.daum.net/woosengzlsamo/8I5j/257,
ambiguous,2012-10-28,114봉[삼각점],3금북정맥/금북정맥13구간[가루고개-윗갈치고개].gpx,[1.5] 2012-11-01 [산행앨범] &#39;우즐모&#39;10월특별산행 설악산대청봉 (2012.10.30~31) https://cafe.daum.net/woosengzlsamo/8I5j/249,[1.5] 2012-11-01 [산행앨범] 대청봉의 첫눈 맞이 정기산행-동영상 추가 https://cafe.daum.net/woosengzlsamo/8I5j/248,[0.8] 2012-11-10 [산행앨범] 기암 절벽이 장관인 국립공원 도락산(2012.11.10) https://cafe.daum.net/woosengzlsamo/8I5j/251
ambiguous,2012-09-23,01-06팻말[우직진],3금북정맥/금북정맥11구간[꽃조개-나본들고개].gpx,[6.0] 2018-08-21 [종주기-금북정맥] 금북정맥 종주기 ＜06＞ 덕고개 - 국사봉 - 차령 구간 https://cafe.daum.net/woosengzlsamo/FPP7/6,[6.0] 2018-05-22 [종주기-금북정맥] 금북정맥 종주기 ＜01＞ 칠장사 - 칠현산 - 옥정재 구간 https://cafe.daum.net/woosengzlsamo/FPP7/1,[6.0] 2019-02-19 [금북정맥-완주] 현금출납장 (2019.1/20) https://cafe.daum.net/woosengzlsamo/F9V1/100
none,2012-09-19,불갑산,불갑산__20120919_1110.gpx,,,
ambiguous,2012-09-09,113봉,3금북정맥/금북정맥10구간[휴양림-꽃조개고개].gpx,[1.5] 2012-09-13 [산행앨범] &#39;우즐모&#39; 9월 1차 정기산행 : 월악산 영봉 (2012.09.13 ) https://cafe.daum.net/woosengzlsamo/8I5j/244,[1.5] 2012-09-13 [산행앨범] 9월 1차 정기산행 보고 (월악산) https://cafe.daum.net/woosengzlsamo/8I5j/243,
ambiguous,2012-08-26,287봉,3금북정맥/금북정맥9구간[공덕재-오서산휴양림].gpx,[0.4] 2012-09-13 [산행앨범] &#39;우즐모&#39; 9월 1차 정기산행 : 월악산 영봉 (2012.09.13 ) https://cafe.daum.net/woosengzlsamo/8I5j/244,[0.4] 2012-09-13 [산행앨범] 9월 1차 정기산행 보고 (월악산) https://cafe.daum.net/woosengzlsamo/8I5j/243,
ambiguous,2012-08-12,225봉,3금북정맥/금북정맥8구간[와고개-공덕재].gpx,[0.8] 2012-08-24 [산행앨범] 8월 2차 산행 (연대산 무일봉) https://cafe.daum.net/woosengzlsamo/8I5j/242,,
ambiguous,2012-07-29,350봉,3금북정맥/금북정맥7구간[차동고개-학고개].gpx,[0.8] 2012-08-09 [산행앨범] 우생즐사모 8월 1차 산행보고 ＜억산＞ https://cafe.daum.net/woosengzlsamo/8I5j/241,[0.8] 2012-08-09 [산행앨범] &#39;우즐모&#39; 8월1차 정기산행(2012.08.09 ) : 경북 청도 억산 https://cafe.daum.net/woosengzlsamo/8I5j/240,[0.6] 2012-07-30 [종주기-백두대간] 백두대간 종주기 (53) 한계령 대청봉 공룡능선 구간 https://cafe.daum.net/woosengzlsamo/FPOx/56
ambiguous,2012-07-08,311봉[삼각점],3금북정맥/금북정맥5구간[차령고개-각흘고개].gpx,[1.5] 2012-07-13 [산행앨범] &#39;우즐모&#39; 7월1차 정기산행 : &#39;가팔환초&#39; 마지막 구간 https://cafe.daum.net/woosengzlsamo/8I5j/238,[0.4] 2012-07-27 [산행앨범] 우생즐사모 7월 2차 산성산 야간산행 보고 https://cafe.daum.net/woosengzlsamo/8I5j/239,
ambiguous,2012-06-24,340봉,3금북정맥/금북정맥4구간[고등고개-차령고개].gpx,[0.4] 2012-07-13 [산행앨범] &#39;우즐모&#39; 7월1차 정기산행 : &#39;가팔환초&#39; 마지막 구간 https://cafe.daum.net/woosengzlsamo/8I5j/238,,
ambiguous,2012-06-10,691번도로,3금북정맥/금북정맥3구간[각원사-고등고개].gpx,[1.5] 2012-06-15 [산행앨범] &#39;우즐모&#39; 6월1차 정기산행 : 옻골 대암봉＞요령봉＞능천산 https://cafe.daum.net/woosengzlsamo/8I5j/234,[0.8] 2012-06-22 [산행앨범] 가노라 삼각산아 https://cafe.daum.net/woosengzlsamo/8I5j/236,[0.8] 2012-06-18 [산행앨범] 설악산의 돌강 https://cafe.daum.net/woosengzlsamo/8I5j/235
ambiguous,2012-05-27,390봉,3금북정맥/금북정맥2구간[배티고개-각원사].gpx,[0.8] 2012-06-09 [산행앨범] 6월 광장산악회 특별산행 : 거창 &#39;월봉산&#39; (1279m) https://cafe.daum.net/woosengzlsamo/8I5j/233,[0.4] 2012-06-15 [산행앨범] &#39;우즐모&#39; 6월1차 정기산행 : 옻골 대암봉＞요령봉＞능천산 https://cafe.daum.net/woosengzlsamo/8I5j/234,
ambiguous,2012-05-13,3정맥분긱점,3금북정맥/금북정맥1구간[칠장사-베티고개].gpx,[6.0] 2018-06-19 [종주기-금북정맥] 금북정맥 종주기 ＜03＞ 엽돈재 - 성거산 - 유랑리고개 구간 https://cafe.daum.net/woosengzlsamo/FPP7/3,[6.0] 2019-04-11 [금북정맥-완주] 현금출납장 (2019.3/3~4/7) https://cafe.daum.net/woosengzlsamo/F9V1/117,[6.0] 2018-06-19 [금북정맥-완주] 금북정맥 3구간 (성거산) 산행④ https://cafe.daum.net/woosengzlsamo/F9V1/19
ambiguous,2012-04-22,257봉,3한남금북/한남금북+10차+수레티고개-칠장산.gpx,[1.5] 2012-04-26 [산행앨범] &#39;우즐모&#39; 4월2차 정기산행(2012.04.26) : &#39;대견봉 비슬산 &#39; https://cafe.daum.net/woosengzlsamo/8I5j/230,[1.5] 2012-04-26 [산행앨범] 4월 2차 산행 ＜비슬산 대견봉＞ https://cafe.daum.net/woosengzlsamo/8I5j/229,[0.4] 2012-05-11 [산행앨범] &#39;우즐모&#39;5월1차 정기산행 : 대덕산 두리봉 (2012.05.10 ) https://cafe.daum.net/woosengzlsamo/8I5j/231
ambiguous,2012-04-08,173봉,3한남금북/한남금북+9차+바리고개-수레티고개.gpx,[1.5] 2012-04-14 [산행앨범] &#39;우즐모&#39;4월 특별산행 : 마산 무학산 https://cafe.daum.net/woosengzlsamo/8I5j/228,[1.5] 2012-04-13 [산행앨범] &#39;우즐모&#39; 4월1차 정기산행(2012.04.12 ) :용지봉 https://cafe.daum.net/woosengzlsamo/8I5j/227,[0.4] 2012-04-26 [산행앨범] &#39;우즐모&#39; 4월2차 정기산행(2012.04.26) : &#39;대견봉 비슬산 &#39; https://cafe.daum.net/woosengzlsamo/8I5j/230
ambiguous,2012-03-25,280봉,3한남금북/한남금북+8차+돌고개-바리고개.gpx,[1.5] 2012-04-01 [산행앨범] 지리산환태극종주를 마치면서 https://cafe.daum.net/woosengzlsamo/8I5j/225,[0.4] 2012-04-14 [산행앨범] &#39;우즐모&#39;4월 특별산행 : 마산 무학산 https://cafe.daum.net/woosengzlsamo/8I5j/228,[0.4] 2012-04-13 [산행앨범] &#39;우즐모&#39; 4월1차 정기산행(2012.04.12 ) :용지봉 https://cafe.daum.net/woosengzlsamo/8I5j/227
ambiguous,2012-01-29,410봉,3한남금북/한남금북+4차+쌍암재-수레너미재.gpx,[0.8] 2012-02-09 [산행앨범] 부산 태종대 답사-5 https://cafe.daum.net/woosengzlsamo/8I5j/216,[0.8] 2012-02-09 [산행앨범] 부산 태종대 답사-4 https://cafe.daum.net/woosengzlsamo/8I5j/215,[0.8] 2012-02-09 [산행앨범] 2월 1차 산행 기록 ＜태종대 풀코스＞ https://cafe.daum.net/woosengzlsamo/8I5j/214
ambiguous,2011-12-25,355봉,3한남금북/한남금북+2차+말티재-작은구티재.gpx,[0.8] 2012-01-02 [산행앨범] 늦게나마 한 수 배웠어 (지도편달) https://cafe.daum.net/woosengzlsamo/8I5j/201,[0.4] 2012-01-14 [산행앨범] 2012년 1월 광장산악회 특별산행 : 평창 &#39;선자령&#39;(1157m) https://cafe.daum.net/woosengzlsamo/8I5j/207,[0.4] 2012-01-12 [산행앨범] 2012년 1월정기산행 :&#39;모암봉&#39;찍고&#39;강정고령보&#39;(2012.01.12) https://cafe.daum.net/woosengzlsamo/8I5j/206
ambiguous,2011-12-11,487봉[헬기장],3한남금북/한남금북1차+윗대목리-말티고개.gpx,[0.8] 2011-12-24 [산행앨범] 2011 정기총회 및 금원산 (1352.5m) - ＜2011.12.22~23 (1박2일)＞ https://cafe.daum.net/woosengzlsamo/8I5j/200,,
ambiguous,2011-10-01,토끼재   .,2호남정맥/호남22_토끼재~외망포구(빈).gpx,[0.8] 2011-10-13 [산행앨범] 10월 1차 정기산행 ＜가팔환초 4구간＞ https://cafe.daum.net/woosengzlsamo/8I5j/193,[0.8] 2011-10-13 [산행앨범] &#39;우즐모&#39; 10월1차 정기산행(2011.10.13) ＜가팔환초4구간＞ https://cafe.daum.net/woosengzlsamo/8I5j/192,[0.8] 2011-10-09 [산행앨범] 북한산 2011.10.8) https://cafe.daum.net/woosengzlsamo/8I5j/191
none,2011-09-17,논실     .,2호남정맥/호남21_참새미재~토끼재(빈).gpx,,,
ambiguous,2011-09-03,송치재  .,2호남정맥/호남20_송치재~참새미재(빈).gpx,[1.5] 2011-09-10 [산행앨범] 산행의 행복함 https://cafe.daum.net/woosengzlsamo/8I5j/189,[1.5] 2011-09-10 [산행앨범] 9월 1차 우즐모 정기산행(산성산 용두골) https://cafe.daum.net/woosengzlsamo/8I5j/188,[1.5] 2011-09-09 [산행앨범] &#39;우즐모&#39; 9월1차 정기산행 - 산성산 https://cafe.daum.net/woosengzlsamo/8I5j/187
ambiguous,2010-10-24,낙동 22차 (통고산),1낙동정맥/실제/낙동 22차 (통고산)__20101024_1042.gpx,[10.0] 2014-06-17 [종주기-낙동정맥] 낙동정맥 종주기 ＜22＞ 답운치-통고산-애미랑재 구간 https://cafe.daum.net/woosengzlsamo/FPOz/22,[10.0] 2014-09-22 [낙동정맥-완주] 낙동정맥 22차 10구간 (맹동산) 산행② https://cafe.daum.net/woosengzlsamo/FPOy/118,[10.0] 2014-09-22 [낙동정맥-완주] 낙동정맥 22차 10구간 (맹동산) 산행① https://cafe.daum.net/woosengzlsamo/FPOy/117
ambiguous,2010-10-17,120봉,2금남정맥/금남정맥8차+진고개-구드레나루터.gpx,[0.8] 2010-10-29 [산행앨범] 신불산(2010.10.28) https://cafe.daum.net/woosengzlsamo/8I5j/118,[0.8] 2010-10-29 [산행앨범] 우생즐사모 10월 2차 정기산행 : 신불산 (1209 m )-＜2＞ https://cafe.daum.net/woosengzlsamo/8I5j/117,[0.8] 2010-10-28 [산행앨범] 우생즐사모 10월 2차 정기산행 : 신불산 (1209 m )-＜1＞ https://cafe.daum.net/woosengzlsamo/8I5j/116
ambiguous,2010-10-03,142봉,2금남정맥/금남정맥7차+윗장고개-진고개.gpx,[0.6] 2010-10-04 [종주기-백두대간] 백두대간 종주기 (12) 질매재 - 화주봉 - 삼마골재 구간 https://cafe.daum.net/woosengzlsamo/FPOx/14,,
ambiguous,2010-09-04,269봉,2금남정맥/금남정맥6차+윗장고개-양정고개.gpx,[1.5] 2010-09-10 [산행앨범] 신입회원 환영 특별 산행 (2010.09.09 ) - 문경 대야산 (930m ) - 3 https://cafe.daum.net/woosengzlsamo/8I5j/114,[1.5] 2010-09-09 [산행앨범] 신입회원 환영 특별 산행 (2010.09.09 ) - 문경 대야산 (930m ) - ＜2 ＞ https://cafe.daum.net/woosengzlsamo/8I5j/113,[1.5] 2010-09-09 [산행앨범] 신입회원 환영 특별 산행 (2010.09.09 ) - 문경 대야산 (930m) - ＜ 1＞ https://cafe.daum.net/woosengzlsamo/8I5j/112
ambiguous,2010-08-01,399봉,2금남정맥/금남정맥4차+배티재-물한재.gpx,[0.8] 2010-08-12 [산행앨범] 건천 오봉산 (2010.08.12 ) - 추가 https://cafe.daum.net/woosengzlsamo/8I5j/101,[0.8] 2010-08-12 [산행앨범] 건천오봉산(2010.8.12)-2 https://cafe.daum.net/woosengzlsamo/8I5j/100,[0.8] 2010-08-12 [산행앨범] 건천오봉산(2010.8.12)-1 https://cafe.daum.net/woosengzlsamo/8I5j/99
ambiguous,2010-07-18,413봉,2금남정맥/금남정맥3차+육백령-배티재.gpx,[1.5] 2010-07-23 [산행앨범] 우생즐사모 7월 2차 산행 구미 금오산 *(977m) ＜3＞ https://cafe.daum.net/woosengzlsamo/8I5j/98,[1.5] 2010-07-23 [산행앨범] 우생즐사모 7월 2차 산행 구미 금오산 (977m) ＜2＞ https://cafe.daum.net/woosengzlsamo/8I5j/97,[1.5] 2010-07-22 [산행앨범] 우생즐사모 7월 2차 산행 구미 금오산 (977m) ＜1＞ https://cafe.daum.net/woosengzlsamo/8I5j/96
ambiguous,2010-06-20,570봉,2금남정맥/금남정맥2차+피암목재-육백령.gpx,[1.5] 2010-06-25 [산행앨범] 경남 거창 비계산 (2010.06.24 ) - 3 https://cafe.daum.net/woosengzlsamo/8I5j/92,[1.5] 2010-06-25 [산행앨범] 경남 거창 비계산 (2010.06.24 ) - 2 https://cafe.daum.net/woosengzlsamo/8I5j/91,[1.5] 2010-06-25 [산행앨범] 경남 거창 비계산 (2010.06.24 ) - 1 https://cafe.daum.net/woosengzlsamo/8I5j/90
ambiguous,2010-06-13,낙동 19차 (가지산),1낙동정맥/실제/낙동 19차 (가지산)__20100613_0930.gpx,[10.0] 2014-04-08 [종주기-낙동정맥] 낙동정맥 종주기 ＜19＞ 외항재-가지산-배내고개 구간 https://cafe.daum.net/woosengzlsamo/FPOz/19,[10.0] 2014-07-07 [낙동정맥-완주] 낙동정맥 19차 7구간 (왕릉봉) 산행② https://cafe.daum.net/woosengzlsamo/FPOy/105,[10.0] 2014-07-07 [낙동정맥-완주] 낙동정맥 19차 7구간 (왕릉봉) 산행① https://cafe.daum.net/woosengzlsamo/FPOy/104
ambiguous,2010-06-06,655봉,2금남정맥/금남정맥1차+모래재-피암목재.gpx,[1.5] 2010-06-13 [산행앨범] 청화산＜추가＞ https://cafe.daum.net/woosengzlsamo/8I5j/89,[1.5] 2010-06-13 [산행앨범] 상주청화산(10.6.12) https://cafe.daum.net/woosengzlsamo/8I5j/88,[1.5] 2010-06-13 [산행앨범] 상주 청화산(2010.06.12)-1 https://cafe.daum.net/woosengzlsamo/8I5j/86
ambiguous,2010-04-16,곡두-차령,3금북정맥/금북07 곡두-차령.gpx,[1.5] 2010-04-23 [산행앨범] 상주 갑장산 - 추가 https://cafe.daum.net/woosengzlsamo/8I5j/69,[1.5] 2010-04-22 [산행앨범] 상주 갑장산(806M) 용흥사 갑장사 산행-3 https://cafe.daum.net/woosengzlsamo/8I5j/68,[1.5] 2010-04-22 [산행앨범] 수정 사진 https://cafe.daum.net/woosengzlsamo/8I5j/67
ambiguous,2009-10-03,01주차장,12성문종주.gpx,[0.8] 2009-10-13 [산행앨범] 10월 1차 산행&lt; 마천산&gt; https://cafe.daum.net/woosengzlsamo/8I5j/13,[0.4] 2009-10-24 [산행앨범] 산행력 1 ＜2009년 이후-2012까지＞ https://cafe.daum.net/woosengzlsamo/8I5j/19,[0.4] 2009-10-23 [산행앨범] 10월22일(목)가야산단풍3 https://cafe.daum.net/woosengzlsamo/8I5j/18
none,2006-07-15,용두산,2호남정맥/호남14(곰치~시목치).gpx,,,
none,2006-04-15,접치    .,2호남정맥/호남19(접재~송치).gpx,,,
none,,석거리재,2호남정맥/호남18(석거리재~접재).gpx,,,
none,,12701(재보정),대구골목투어/대구_중구_골목투어_1코스_경상감영달성길.gpx,,,
none,,12702(재보정),대구골목투어/대구_중구_골목투어_2코스_근대문화골목.gpx,,,
